{"stats":{"minecraft:used":{"minecraft:tuff_bricks":42,"minecraft:trident":81,"minecraft:flint_and_steel":22,"minecraft:chiseled_tuff":3,"minecraft:stone_shovel":87,"minecraft:decorated_pot":19,"minecraft:chest":2,"minecraft:shield":36,"minecraft:trial_key":5,"minecraft:cooked_chicken":2,"minecraft:netherrack":32,"minecraft:oak_door":3,"minecraft:dirt":8,"minecraft:carrot":19,"minecraft:waxed_copper_grate":1,"minecraft:tuff":1,"minecraft:obsidian":12,"minecraft:honey_bottle":4,"minecraft:glass":79,"minecraft:wooden_axe":25,"minecraft:lava_bucket":2,"minecraft:iron_axe":186,"minecraft:golden_carrot":1,"minecraft:sweet_berries":54,"minecraft:ominous_bottle":1,"minecraft:furnace":14,"minecraft:potato":7,"minecraft:cooked_mutton":66,"minecraft:water_bucket":27,"minecraft:diorite":1,"minecraft:baked_potato":1,"minecraft:oak_planks":209,"minecraft:stone_pickaxe":109,"minecraft:waxed_oxidized_cut_copper":1,"minecraft:wooden_pickaxe":7,"minecraft:diamond_axe":435,"minecraft:waxed_copper_block":2,"minecraft:cookie":1,"minecraft:white_wool":26,"minecraft:sand":2,"minecraft:crafting_table":9,"minecraft:crossbow":19,"minecraft:white_bed":3,"minecraft:lingering_potion":1,"minecraft:polished_tuff":2,"minecraft:oak_log":6,"minecraft:black_wool":2,"minecraft:diamond_pickaxe":683,"minecraft:chicken":1,"minecraft:wind_charge":16,"minecraft:bread":8,"minecraft:iron_pickaxe":83,"minecraft:porkchop":2,"minecraft:spruce_sapling":23,"minecraft:stone_axe":104,"minecraft:splash_potion":4,"minecraft:diamond_sword":115,"minecraft:chiseled_tuff_bricks":1,"minecraft:cobblestone":4,"minecraft:oak_boat":2,"minecraft:waxed_copper_bulb":1,"minecraft:bucket":30,"minecraft:cooked_porkchop":7},"minecraft:dropped":{"minecraft:guster_pottery_sherd":2,"minecraft:iron_ingot":18,"minecraft:wheat_seeds":11,"minecraft:ominous_bottle":1,"minecraft:mossy_cobblestone":2,"minecraft:glass_bottle":2,"minecraft:crossbow":1,"minecraft:iron_helmet":2,"minecraft:feather":10,"minecraft:cobblestone":43,"minecraft:warped_roots":7,"minecraft:saddle":1,"minecraft:golden_apple":1,"minecraft:emerald":42,"minecraft:dirt":14,"minecraft:diorite":15,"minecraft:scrape_pottery_sherd":5,"minecraft:wooden_axe":4,"minecraft:white_banner":1,"minecraft:bolt_armor_trim_smithing_template":2,"minecraft:birch_log":2,"minecraft:lily_pad":25,"minecraft:stone_brick_slab":1,"minecraft:stone_axe":4,"minecraft:goat_horn":1,"minecraft:tuff_bricks":3,"minecraft:sweet_berries":4,"minecraft:warped_nylium":2,"minecraft:diamond_block":1,"minecraft:flow_pottery_sherd":4,"minecraft:cooked_chicken":6,"minecraft:stone_sword":1,"minecraft:cobbled_deepslate":19,"minecraft:guster_banner_pattern":1,"minecraft:birch_sapling":2,"minecraft:stone_shovel":1,"minecraft:rotten_flesh":19,"minecraft:light_gray_wool":2,"minecraft:cooked_mutton":15,"minecraft:leather_chestplate":1,"minecraft:tipped_arrow":16,"minecraft:trident":2,"minecraft:gunpowder":2,"minecraft:trial_key":3,"minecraft:andesite":44,"minecraft:mossy_stone_bricks":1,"minecraft:lingering_potion":4,"minecraft:oak_sapling":3,"minecraft:leather_leggings":2,"minecraft:spider_eye":1,"minecraft:arrow":56,"minecraft:bow":1,"minecraft:glass":1,"minecraft:stone_pickaxe":3,"minecraft:wooden_pickaxe":2,"minecraft:crying_obsidian":2,"minecraft:stone_brick_stairs":1,"minecraft:brick":138,"minecraft:black_wool":2,"minecraft:egg":1},"minecraft:killed":{"minecraft:bogged":6,"minecraft:spider":7,"minecraft:skeleton":5,"minecraft:chicken":9,"minecraft:piglin":2,"minecraft:husk":3,"minecraft:pig":24,"minecraft:iron_golem":1,"minecraft:creeper":1,"minecraft:sheep":92,"minecraft:pillager":8,"minecraft:zombie":16,"minecraft:breeze":3,"minecraft:wither_skeleton":4,"minecraft:blaze":1,"minecraft:enderman":11,"minecraft:cow":11},"minecraft:crafted":{"minecraft:oak_door":3,"minecraft:oak_planks":364,"minecraft:stone_shovel":1,"minecraft:cooked_chicken":7,"minecraft:furnace":4,"minecraft:cooked_mutton":115,"minecraft:flint_and_steel":1,"minecraft:glass":80,"minecraft:iron_boots":1,"minecraft:iron_axe":1,"minecraft:stone_pickaxe":2,"minecraft:chest":2,"minecraft:cooked_beef":26,"minecraft:emerald":2,"minecraft:cooked_porkchop":32,"minecraft:crafting_table":2,"minecraft:wooden_pickaxe":2,"minecraft:iron_helmet":1,"minecraft:bucket":1,"minecraft:stone_axe":2,"minecraft:air":0,"minecraft:oak_boat":1,"minecraft:iron_chestplate":1,"minecraft:shield":1,"minecraft:stick":108,"minecraft:iron_ingot":21,"minecraft:iron_pickaxe":1,"minecraft:wooden_axe":2,"minecraft:iron_leggings":1,"minecraft:white_bed":2},"minecraft:custom":{"minecraft:interact_with_smithing_table":2,"minecraft:mob_kills":206,"minecraft:interact_with_crafting_table":45,"minecraft:open_barrel":23,"minecraft:bell_ring":22,"minecraft:leave_game":4,"minecraft:time_since_death":349845,"minecraft:climb_one_cm":10126,"minecraft:sprint_one_cm":1632322,"minecraft:walk_one_cm":753887,"minecraft:damage_blocked_by_shield":885,"minecraft:drop":161,"minecraft:talked_to_villager":13,"minecraft:raid_win":1,"minecraft:play_time":349845,"minecraft:sneak_time":4138,"minecraft:walk_under_water_one_cm":42350,"minecraft:boat_one_cm":131341,"minecraft:jump":8322,"minecraft:interact_with_blast_furnace":1,"minecraft:walk_on_water_one_cm":62234,"minecraft:total_world_time":349845,"minecraft:interact_with_furnace":158,"minecraft:traded_with_villager":2,"minecraft:interact_with_cartography_table":1,"minecraft:raid_trigger":1,"minecraft:sleep_in_bed":6,"minecraft:time_since_rest":48621,"minecraft:damage_taken":4522,"minecraft:damage_dealt":23661,"minecraft:swim_one_cm":100128,"minecraft:fly_one_cm":1880342,"minecraft:open_chest":148,"minecraft:crouch_one_cm":16131,"minecraft:inspect_dispenser":36,"minecraft:fall_one_cm":223391,"minecraft:horse_one_cm":529348},"minecraft:mined":{"minecraft:crying_obsidian":2,"minecraft:white_bed":1,"minecraft:mossy_cobblestone":4,"minecraft:deepslate_diamond_ore":2,"minecraft:obsidian":12,"minecraft:nether_bricks":3,"minecraft:grass_block":3,"minecraft:decorated_pot":50,"minecraft:spruce_leaves":28,"minecraft:chiseled_tuff_bricks":1,"minecraft:tuff_bricks":45,"minecraft:hay_block":8,"minecraft:waxed_oxidized_cut_copper":2,"minecraft:furnace":10,"minecraft:carrots":16,"minecraft:waxed_copper_grate":1,"minecraft:iron_ore":15,"minecraft:fire":27,"minecraft:cobbled_deepslate":2,"minecraft:polished_tuff":1,"minecraft:andesite":44,"minecraft:chiseled_tuff":3,"minecraft:nether_brick_fence":1,"minecraft:potatoes":2,"minecraft:stone":273,"minecraft:white_wool":4,"minecraft:stone_brick_slab":1,"minecraft:crafting_table":8,"minecraft:short_grass":45,"minecraft:warped_roots":1,"minecraft:copper_ore":1,"minecraft:tall_grass":11,"minecraft:glass":1,"minecraft:cobblestone":7,"minecraft:oak_planks":11,"minecraft:sugar_cane":11,"minecraft:diorite":16,"minecraft:waxed_copper_bulb":3,"minecraft:black_stained_glass":1,"minecraft:warped_nylium":9,"minecraft:waxed_oxidized_copper_grate":3,"minecraft:sweet_berry_bush":24,"minecraft:spruce_log":175,"minecraft:birch_leaves":1,"minecraft:waxed_copper_block":3,"minecraft:stone_brick_stairs":1,"minecraft:coal_ore":126,"minecraft:oak_log":145,"minecraft:dirt":12,"minecraft:sand":87,"minecraft:dripstone_block":2,"minecraft:deepslate":97,"minecraft:oak_leaves":10,"minecraft:mossy_stone_bricks":1,"minecraft:netherrack":165},"minecraft:picked_up":{"minecraft:lingering_potion":1,"minecraft:waxed_oxidized_cut_copper":1,"minecraft:crafting_table":8,"minecraft:ominous_bottle":1,"minecraft:chicken":8,"minecraft:diamond_sword":1,"minecraft:enchanted_book":2,"minecraft:stone_brick_stairs":1,"minecraft:brick":138,"minecraft:wind_charge":5,"minecraft:string":4,"minecraft:raw_copper":5,"minecraft:diamond_leggings":1,"minecraft:cobbled_deepslate":83,"minecraft:beef":26,"minecraft:trial_key":8,"minecraft:oak_boat":1,"minecraft:chiseled_tuff":3,"minecraft:light_gray_wool":3,"minecraft:guster_pottery_sherd":2,"minecraft:sugar_cane":22,"minecraft:birch_sapling":2,"minecraft:furnace":10,"minecraft:egg":1,"minecraft:tipped_arrow":12,"minecraft:raw_iron":18,"minecraft:stick":17,"minecraft:porkchop":48,"minecraft:flow_pottery_sherd":4,"minecraft:cookie":1,"minecraft:waxed_copper_grate":1,"minecraft:diorite":16,"minecraft:trident":2,"minecraft:carrot":49,"minecraft:stone_sword":1,"minecraft:arrow":45,"minecraft:rotten_flesh":21,"minecraft:honey_bottle":5,"minecraft:diamond_chestplate":1,"minecraft:decorated_pot":18,"minecraft:nether_bricks":1,"minecraft:diamond_boots":1,"minecraft:hay_block":8,"minecraft:saddle":1,"minecraft:tuff_bricks":31,"minecraft:mutton":158,"minecraft:obsidian":12,"minecraft:white_wool":87,"minecraft:cobblestone":279,"minecraft:birch_log":2,"minecraft:feather":10,"minecraft:andesite":44,"minecraft:leather":10,"minecraft:potato":7,"minecraft:waxed_copper_bulb":1,"minecraft:oak_log":145,"minecraft:waxed_copper_block":3,"minecraft:lily_pad":25,"minecraft:gunpowder":2,"minecraft:dirt":27,"minecraft:white_banner":1,"minecraft:cooked_mutton":50,"minecraft:bone":17,"minecraft:bow":1,"minecraft:wheat_seeds":12,"minecraft:iron_ingot":28,"minecraft:stone_pickaxe":1,"minecraft:cooked_chicken":1,"minecraft:guster_banner_pattern":1,"minecraft:mossy_stone_bricks":1,"minecraft:diamond_helmet":1,"minecraft:oak_planks":86,"minecraft:scrape_pottery_sherd":5,"minecraft:sweet_berries":58,"minecraft:stone_brick_slab":1,"minecraft:dripstone_block":2,"minecraft:sand":82,"minecraft:spruce_sapling":23,"minecraft:white_bed":1,"minecraft:spruce_log":170,"minecraft:diamond_block":1,"minecraft:crying_obsidian":2,"minecraft:spider_eye":1,"minecraft:polished_tuff":1,"minecraft:mossy_cobblestone":2,"minecraft:stone_axe":2,"minecraft:diamond":2,"minecraft:breeze_rod":2,"minecraft:waxed_oxidized_copper_grate":2,"minecraft:iron_helmet":2,"minecraft:crossbow":1,"minecraft:diamond_axe":1,"minecraft:golden_apple":3,"minecraft:warped_roots":7,"minecraft:emerald":36,"minecraft:bread":6,"minecraft:music_disc_precipice":1,"minecraft:diamond_pickaxe":1,"minecraft:baked_potato":1,"minecraft:oak_sapling":3,"minecraft:netherrack":174,"minecraft:black_wool":4,"minecraft:warped_nylium":2,"minecraft:coal":194,"minecraft:chiseled_tuff_bricks":1,"minecraft:wooden_axe":1,"minecraft:ender_pearl":6}},"DataVersion":3953}