{"stats":{"minecraft:killed":{"minecraft:pig":7,"minecraft:spider":5,"minecraft:iron_golem":1,"minecraft:sheep":33,"minecraft:zombie":6},"minecraft:custom":{"minecraft:interact_with_furnace":96,"minecraft:mob_kills":52,"minecraft:interact_with_crafting_table":25,"minecraft:leave_game":1,"minecraft:time_since_death":66821,"minecraft:sleep_in_bed":2,"minecraft:climb_one_cm":234,"minecraft:time_since_rest":4092,"minecraft:sprint_one_cm":260097,"minecraft:damage_taken":699,"minecraft:walk_one_cm":141160,"minecraft:drop":20,"minecraft:damage_dealt":6552,"minecraft:swim_one_cm":18657,"minecraft:fly_one_cm":358624,"minecraft:open_chest":14,"minecraft:crouch_one_cm":8587,"minecraft:play_time":66821,"minecraft:sneak_time":2038,"minecraft:walk_under_water_one_cm":6281,"minecraft:jump":1669,"minecraft:walk_on_water_one_cm":21860,"minecraft:total_world_time":66821,"minecraft:fall_one_cm":41239,"minecraft:horse_one_cm":4597},"minecraft:picked_up":{"minecraft:crafting_table":7,"minecraft:oak_log":139,"minecraft:string":1,"minecraft:cooked_mutton":26,"minecraft:wheat_seeds":2,"minecraft:stone_pickaxe":1,"minecraft:iron_ingot":3,"minecraft:light_gray_wool":1,"minecraft:sugar_cane":22,"minecraft:birch_sapling":1,"minecraft:oak_planks":82,"minecraft:furnace":10,"minecraft:stick":1,"minecraft:raw_iron":5,"minecraft:sweet_berries":21,"minecraft:sand":82,"minecraft:porkchop":11,"minecraft:diorite":1,"minecraft:white_bed":1,"minecraft:spider_eye":1,"minecraft:rotten_flesh":6,"minecraft:stone_axe":1,"minecraft:mutton":50,"minecraft:coal":112,"minecraft:white_wool":34,"minecraft:cobblestone":88},"minecraft:mined":{"minecraft:white_bed":1,"minecraft:crafting_table":7,"minecraft:short_grass":6,"minecraft:glass":1,"minecraft:tall_grass":2,"minecraft:cobblestone":3,"minecraft:sugar_cane":11,"minecraft:oak_planks":11,"minecraft:diorite":1,"minecraft:furnace":10,"minecraft:iron_ore":2,"minecraft:sweet_berry_bush":8,"minecraft:birch_leaves":1,"minecraft:oak_log":139,"minecraft:coal_ore":44,"minecraft:sand":87,"minecraft:stone":85,"minecraft:white_wool":3,"minecraft:oak_leaves":9},"minecraft:crafted":{"minecraft:oak_door":3,"minecraft:oak_planks":364,"minecraft:stone_shovel":1,"minecraft:cooked_porkchop":4,"minecraft:crafting_table":2,"minecraft:wooden_pickaxe":2,"minecraft:furnace":4,"minecraft:stone_axe":2,"minecraft:cooked_mutton":22,"minecraft:air":0,"minecraft:glass":80,"minecraft:iron_axe":1,"minecraft:stick":64,"minecraft:iron_ingot":4,"minecraft:iron_pickaxe":1,"minecraft:stone_pickaxe":2,"minecraft:wooden_axe":2,"minecraft:chest":2},"minecraft:dropped":{"minecraft:stone_axe":3,"minecraft:wheat_seeds":2,"minecraft:birch_sapling":1,"minecraft:stone_shovel":1,"minecraft:rotten_flesh":6,"minecraft:saddle":1,"minecraft:wooden_axe":2,"minecraft:leather_leggings":1,"minecraft:spider_eye":1,"minecraft:glass":1,"minecraft:stone_pickaxe":3,"minecraft:wooden_pickaxe":2},"minecraft:used":{"minecraft:cooked_mutton":5,"minecraft:diorite":1,"minecraft:stone_pickaxe":109,"minecraft:stone_shovel":87,"minecraft:oak_planks":209,"minecraft:chest":2,"minecraft:wooden_pickaxe":7,"minecraft:oak_door":3,"minecraft:white_wool":15,"minecraft:sand":2,"minecraft:crafting_table":8,"minecraft:white_bed":1,"minecraft:glass":79,"minecraft:wooden_axe":22,"minecraft:bread":3,"minecraft:iron_axe":169,"minecraft:iron_pickaxe":36,"minecraft:stone_axe":104,"minecraft:cobblestone":3,"minecraft:sweet_berries":21,"minecraft:porkchop":1,"minecraft:furnace":14,"minecraft:cooked_porkchop":4}},"DataVersion":3953}