{"stats":{"minecraft:mined":{"minecraft:crying_obsidian":2,"minecraft:white_bed":1,"minecraft:mossy_cobblestone":4,"minecraft:deepslate_diamond_ore":2,"minecraft:nether_bricks":3,"minecraft:obsidian":12,"minecraft:grass_block":3,"minecraft:decorated_pot":50,"minecraft:spruce_leaves":25,"minecraft:chiseled_tuff_bricks":1,"minecraft:tuff_bricks":45,"minecraft:hay_block":8,"minecraft:waxed_oxidized_cut_copper":2,"minecraft:furnace":10,"minecraft:carrots":16,"minecraft:waxed_copper_grate":1,"minecraft:iron_ore":3,"minecraft:fire":26,"minecraft:cobbled_deepslate":2,"minecraft:polished_tuff":1,"minecraft:andesite":44,"minecraft:chiseled_tuff":3,"minecraft:nether_brick_fence":1,"minecraft:potatoes":2,"minecraft:stone":272,"minecraft:white_wool":4,"minecraft:stone_brick_slab":1,"minecraft:crafting_table":7,"minecraft:short_grass":32,"minecraft:copper_ore":1,"minecraft:tall_grass":7,"minecraft:glass":1,"minecraft:cobblestone":7,"minecraft:oak_planks":11,"minecraft:sugar_cane":11,"minecraft:diorite":16,"minecraft:waxed_copper_bulb":3,"minecraft:black_stained_glass":1,"minecraft:waxed_oxidized_copper_grate":3,"minecraft:sweet_berry_bush":8,"minecraft:spruce_log":175,"minecraft:birch_leaves":1,"minecraft:waxed_copper_block":3,"minecraft:stone_brick_stairs":1,"minecraft:coal_ore":100,"minecraft:oak_log":145,"minecraft:dirt":12,"minecraft:sand":87,"minecraft:dripstone_block":2,"minecraft:netherrack":1,"minecraft:mossy_stone_bricks":1,"minecraft:oak_leaves":9,"minecraft:deepslate":97},"minecraft:picked_up":{"minecraft:lingering_potion":1,"minecraft:waxed_oxidized_cut_copper":1,"minecraft:crafting_table":7,"minecraft:ominous_bottle":1,"minecraft:chicken":8,"minecraft:diamond_sword":1,"minecraft:enchanted_book":2,"minecraft:stone_brick_stairs":1,"minecraft:brick":138,"minecraft:wind_charge":5,"minecraft:string":4,"minecraft:raw_copper":5,"minecraft:diamond_leggings":1,"minecraft:cobbled_deepslate":83,"minecraft:trial_key":8,"minecraft:chiseled_tuff":3,"minecraft:light_gray_wool":3,"minecraft:guster_pottery_sherd":2,"minecraft:sugar_cane":22,"minecraft:birch_sapling":1,"minecraft:furnace":10,"minecraft:egg":1,"minecraft:tipped_arrow":12,"minecraft:stick":17,"minecraft:raw_iron":6,"minecraft:porkchop":26,"minecraft:flow_pottery_sherd":4,"minecraft:cookie":1,"minecraft:waxed_copper_grate":1,"minecraft:diorite":16,"minecraft:trident":2,"minecraft:carrot":49,"minecraft:stone_sword":1,"minecraft:arrow":41,"minecraft:rotten_flesh":19,"minecraft:honey_bottle":5,"minecraft:diamond_chestplate":1,"minecraft:nether_bricks":1,"minecraft:decorated_pot":18,"minecraft:diamond_boots":1,"minecraft:hay_block":8,"minecraft:saddle":1,"minecraft:tuff_bricks":31,"minecraft:obsidian":12,"minecraft:mutton":119,"minecraft:white_wool":59,"minecraft:cobblestone":279,"minecraft:feather":10,"minecraft:andesite":44,"minecraft:potato":7,"minecraft:waxed_copper_bulb":1,"minecraft:oak_log":145,"minecraft:waxed_copper_block":3,"minecraft:gunpowder":2,"minecraft:dirt":13,"minecraft:white_banner":1,"minecraft:cooked_mutton":50,"minecraft:bone":16,"minecraft:bow":1,"minecraft:wheat_seeds":12,"minecraft:iron_ingot":28,"minecraft:stone_pickaxe":1,"minecraft:cooked_chicken":1,"minecraft:guster_banner_pattern":1,"minecraft:mossy_stone_bricks":1,"minecraft:diamond_helmet":1,"minecraft:oak_planks":86,"minecraft:scrape_pottery_sherd":5,"minecraft:sweet_berries":21,"minecraft:stone_brick_slab":1,"minecraft:dripstone_block":2,"minecraft:sand":82,"minecraft:spruce_sapling":23,"minecraft:white_bed":1,"minecraft:spruce_log":170,"minecraft:diamond_block":1,"minecraft:crying_obsidian":2,"minecraft:spider_eye":1,"minecraft:polished_tuff":1,"minecraft:mossy_cobblestone":2,"minecraft:diamond":2,"minecraft:stone_axe":2,"minecraft:waxed_oxidized_copper_grate":2,"minecraft:breeze_rod":2,"minecraft:iron_helmet":2,"minecraft:crossbow":1,"minecraft:diamond_axe":1,"minecraft:golden_apple":3,"minecraft:emerald":36,"minecraft:bread":6,"minecraft:music_disc_precipice":1,"minecraft:baked_potato":1,"minecraft:oak_sapling":2,"minecraft:netherrack":1,"minecraft:black_wool":3,"minecraft:coal":168,"minecraft:chiseled_tuff_bricks":1,"minecraft:diamond_pickaxe":1,"minecraft:wooden_axe":1},"minecraft:custom":{"minecraft:mob_kills":138,"minecraft:interact_with_crafting_table":42,"minecraft:open_barrel":23,"minecraft:bell_ring":22,"minecraft:leave_game":2,"minecraft:time_since_death":247267,"minecraft:climb_one_cm":9840,"minecraft:sprint_one_cm":1157487,"minecraft:walk_one_cm":592195,"minecraft:damage_blocked_by_shield":590,"minecraft:drop":101,"minecraft:talked_to_villager":10,"minecraft:raid_win":1,"minecraft:play_time":247267,"minecraft:sneak_time":3488,"minecraft:walk_under_water_one_cm":30365,"minecraft:jump":5626,"minecraft:interact_with_blast_furnace":1,"minecraft:walk_on_water_one_cm":47079,"minecraft:total_world_time":247267,"minecraft:interact_with_furnace":132,"minecraft:traded_with_villager":2,"minecraft:raid_trigger":1,"minecraft:sleep_in_bed":4,"minecraft:time_since_rest":58892,"minecraft:damage_taken":3489,"minecraft:damage_dealt":14165,"minecraft:swim_one_cm":59864,"minecraft:fly_one_cm":1281705,"minecraft:open_chest":121,"minecraft:crouch_one_cm":13603,"minecraft:inspect_dispenser":36,"minecraft:fall_one_cm":150534,"minecraft:horse_one_cm":6691},"minecraft:killed":{"minecraft:bogged":6,"minecraft:spider":7,"minecraft:skeleton":5,"minecraft:chicken":9,"minecraft:husk":3,"minecraft:pig":14,"minecraft:iron_golem":1,"minecraft:creeper":1,"minecraft:sheep":62,"minecraft:pillager":6,"minecraft:zombie":15,"minecraft:breeze":3,"minecraft:wither_skeleton":4,"minecraft:blaze":1},"minecraft:used":{"minecraft:tuff_bricks":42,"minecraft:trident":77,"minecraft:flint_and_steel":14,"minecraft:chiseled_tuff":3,"minecraft:stone_shovel":87,"minecraft:decorated_pot":18,"minecraft:chest":2,"minecraft:shield":27,"minecraft:trial_key":5,"minecraft:cooked_chicken":2,"minecraft:netherrack":1,"minecraft:oak_door":3,"minecraft:dirt":8,"minecraft:carrot":18,"minecraft:waxed_copper_grate":1,"minecraft:tuff":1,"minecraft:obsidian":12,"minecraft:honey_bottle":4,"minecraft:glass":79,"minecraft:wooden_axe":25,"minecraft:lava_bucket":2,"minecraft:iron_axe":186,"minecraft:golden_carrot":1,"minecraft:sweet_berries":21,"minecraft:ominous_bottle":1,"minecraft:furnace":14,"minecraft:potato":7,"minecraft:cooked_mutton":50,"minecraft:water_bucket":19,"minecraft:diorite":1,"minecraft:baked_potato":1,"minecraft:stone_pickaxe":109,"minecraft:oak_planks":209,"minecraft:waxed_oxidized_cut_copper":1,"minecraft:wooden_pickaxe":7,"minecraft:diamond_axe":360,"minecraft:waxed_copper_block":2,"minecraft:cookie":1,"minecraft:white_wool":26,"minecraft:sand":2,"minecraft:crafting_table":8,"minecraft:crossbow":19,"minecraft:white_bed":1,"minecraft:lingering_potion":1,"minecraft:polished_tuff":2,"minecraft:oak_log":6,"minecraft:black_wool":2,"minecraft:diamond_pickaxe":470,"minecraft:chicken":1,"minecraft:wind_charge":16,"minecraft:bread":3,"minecraft:iron_pickaxe":83,"minecraft:spruce_sapling":23,"minecraft:stone_axe":104,"minecraft:chiseled_tuff_bricks":1,"minecraft:diamond_sword":25,"minecraft:cobblestone":4,"minecraft:porkchop":2,"minecraft:cooked_porkchop":4,"minecraft:bucket":22,"minecraft:splash_potion":4,"minecraft:waxed_copper_bulb":1},"minecraft:crafted":{"minecraft:oak_door":3,"minecraft:oak_planks":364,"minecraft:stone_shovel":1,"minecraft:cooked_chicken":7,"minecraft:furnace":4,"minecraft:cooked_mutton":76,"minecraft:flint_and_steel":1,"minecraft:glass":80,"minecraft:iron_boots":1,"minecraft:iron_axe":1,"minecraft:stone_pickaxe":2,"minecraft:chest":2,"minecraft:emerald":2,"minecraft:cooked_porkchop":7,"minecraft:crafting_table":2,"minecraft:iron_helmet":1,"minecraft:wooden_pickaxe":2,"minecraft:bucket":1,"minecraft:stone_axe":2,"minecraft:air":0,"minecraft:iron_chestplate":1,"minecraft:shield":1,"minecraft:stick":108,"minecraft:iron_ingot":21,"minecraft:iron_pickaxe":1,"minecraft:wooden_axe":2,"minecraft:iron_leggings":1},"minecraft:dropped":{"minecraft:guster_pottery_sherd":2,"minecraft:iron_ingot":18,"minecraft:wheat_seeds":11,"minecraft:ominous_bottle":1,"minecraft:mossy_cobblestone":2,"minecraft:glass_bottle":2,"minecraft:crossbow":1,"minecraft:iron_helmet":2,"minecraft:feather":10,"minecraft:cobblestone":43,"minecraft:saddle":1,"minecraft:golden_apple":1,"minecraft:emerald":42,"minecraft:diorite":15,"minecraft:scrape_pottery_sherd":5,"minecraft:wooden_axe":4,"minecraft:white_banner":1,"minecraft:bolt_armor_trim_smithing_template":2,"minecraft:stone_brick_slab":1,"minecraft:stone_axe":4,"minecraft:tuff_bricks":3,"minecraft:diamond_block":1,"minecraft:flow_pottery_sherd":4,"minecraft:cooked_chicken":6,"minecraft:stone_sword":1,"minecraft:cobbled_deepslate":19,"minecraft:guster_banner_pattern":1,"minecraft:birch_sapling":1,"minecraft:stone_shovel":1,"minecraft:rotten_flesh":17,"minecraft:light_gray_wool":2,"minecraft:cooked_mutton":15,"minecraft:leather_chestplate":1,"minecraft:tipped_arrow":16,"minecraft:trident":1,"minecraft:gunpowder":2,"minecraft:trial_key":3,"minecraft:andesite":44,"minecraft:mossy_stone_bricks":1,"minecraft:lingering_potion":4,"minecraft:oak_sapling":2,"minecraft:leather_leggings":2,"minecraft:spider_eye":1,"minecraft:bow":1,"minecraft:arrow":56,"minecraft:glass":1,"minecraft:stone_pickaxe":3,"minecraft:wooden_pickaxe":2,"minecraft:crying_obsidian":2,"minecraft:stone_brick_stairs":1,"minecraft:black_wool":1,"minecraft:brick":138,"minecraft:egg":1}},"DataVersion":3953}