{"stats":{"minecraft:crafted":{"minecraft:cherry_planks":48,"minecraft:oak_door":3,"minecraft:oak_planks":560,"minecraft:crafting_table":1,"minecraft:wooden_pickaxe":1,"minecraft:iron_sword":1,"minecraft:furnace":4,"minecraft:bucket":1,"minecraft:bread":132,"minecraft:air":0,"minecraft:shield":1,"minecraft:iron_axe":2,"minecraft:stick":56,"minecraft:iron_ingot":20,"minecraft:iron_pickaxe":2,"minecraft:stone_pickaxe":1,"minecraft:chest":2,"minecraft:wheat":396},"minecraft:mined":{"minecraft:cherry_log":35,"minecraft:crafting_table":4,"minecraft:short_grass":10,"minecraft:tall_grass":1,"minecraft:oak_planks":7,"minecraft:wall_torch":1,"minecraft:pink_petals":2,"minecraft:hay_block":46,"minecraft:furnace":2,"minecraft:iron_ore":20,"minecraft:coal_ore":66,"minecraft:oak_log":141,"minecraft:cherry_leaves":3,"minecraft:dirt":5,"minecraft:stone":50,"minecraft:oak_leaves":18},"minecraft:used":{"minecraft:water_bucket":5,"minecraft:stone_pickaxe":96,"minecraft:oak_planks":421,"minecraft:shield":12,"minecraft:leather_chestplate":1,"minecraft:chest":2,"minecraft:wooden_pickaxe":5,"minecraft:iron_sword":32,"minecraft:oak_door":2,"minecraft:torch":1,"minecraft:dirt":5,"minecraft:crafting_table":5,"minecraft:iron_axe":210,"minecraft:bread":27,"minecraft:iron_pickaxe":38,"minecraft:leather_helmet":1,"minecraft:cobblestone":10,"minecraft:hay_block":1,"minecraft:oak_sapling":1,"minecraft:furnace":6,"minecraft:bucket":6,"minecraft:egg":2},"minecraft:custom":{"minecraft:interact_with_furnace":21,"minecraft:mob_kills":22,"minecraft:interact_with_crafting_table":23,"minecraft:bell_ring":1,"minecraft:leave_game":1,"minecraft:time_since_death":67192,"minecraft:sleep_in_bed":2,"minecraft:time_since_rest":4296,"minecraft:sprint_one_cm":195007,"minecraft:damage_taken":1198,"minecraft:walk_one_cm":144827,"minecraft:damage_blocked_by_shield":266,"minecraft:drop":10,"minecraft:damage_dealt":3075,"minecraft:swim_one_cm":44469,"minecraft:fly_one_cm":289222,"minecraft:open_chest":8,"minecraft:crouch_one_cm":17904,"minecraft:play_time":67192,"minecraft:sneak_time":4067,"minecraft:walk_under_water_one_cm":9327,"minecraft:jump":1409,"minecraft:walk_on_water_one_cm":8650,"minecraft:total_world_time":67192,"minecraft:fall_one_cm":42587,"minecraft:horse_one_cm":167986},"minecraft:picked_up":{"minecraft:pink_petals":27,"minecraft:crafting_table":4,"minecraft:oak_log":140,"minecraft:dirt":16,"minecraft:bone":6,"minecraft:stone_pickaxe":1,"minecraft:oak_planks":7,"minecraft:egg":3,"minecraft:furnace":2,"minecraft:stick":2,"minecraft:raw_iron":20,"minecraft:torch":1,"minecraft:porkchop":18,"minecraft:cherry_log":34,"minecraft:ink_sac":1,"minecraft:arrow":5,"minecraft:hay_block":45,"minecraft:oak_sapling":1,"minecraft:black_wool":1,"minecraft:mutton":8,"minecraft:coal":121,"minecraft:cobblestone":47,"minecraft:white_wool":4},"minecraft:dropped":{"minecraft:oak_door":1,"minecraft:bread":64,"minecraft:ink_sac":1,"minecraft:iron_axe":1,"minecraft:wooden_pickaxe":1,"minecraft:stone_pickaxe":2,"minecraft:iron_pickaxe":1,"minecraft:pink_petals":27,"minecraft:egg":1},"minecraft:killed":{"minecraft:pig":8,"minecraft:skeleton":7,"minecraft:sheep":5,"minecraft:zombie":1}},"DataVersion":3953}