{"stats":{"minecraft:crafted":{"minecraft:birch_planks":8,"minecraft:crafting_table":1},"minecraft:custom":{"minecraft:time_since_rest":1400,"minecraft:play_time":4117,"minecraft:sprint_one_cm":21207,"minecraft:walk_one_cm":7425,"minecraft:damage_taken":248,"minecraft:deaths":1,"minecraft:walk_under_water_one_cm":371,"minecraft:mob_kills":1,"minecraft:jump":150,"minecraft:damage_dealt":222,"minecraft:time_since_death":1368,"minecraft:walk_on_water_one_cm":1548,"minecraft:total_world_time":4117,"minecraft:swim_one_cm":5506,"minecraft:fall_one_cm":6483,"minecraft:fly_one_cm":32697},"minecraft:mined":{"minecraft:short_grass":1,"minecraft:birch_log":3,"minecraft:birch_leaves":1},"minecraft:picked_up":{"minecraft:birch_log":3,"minecraft:mutton":1,"minecraft:white_wool":1},"minecraft:killed_by":{"minecraft:player":1},"minecraft:killed":{"minecraft:sheep":1}},"DataVersion":3953}