{"stats":{"minecraft:picked_up":{"minecraft:crafting_table":5,"minecraft:raw_iron":4,"minecraft:sweet_berries":21,"minecraft:porkchop":7,"minecraft:oak_log":49,"minecraft:diorite":1,"minecraft:spider_eye":1,"minecraft:string":1,"minecraft:stone_pickaxe":1,"minecraft:sugar_cane":12,"minecraft:mutton":5,"minecraft:coal":85,"minecraft:white_wool":3,"minecraft:cobblestone":78,"minecraft:furnace":6},"minecraft:used":{"minecraft:wooden_axe":22,"minecraft:diorite":1,"minecraft:iron_pickaxe":2,"minecraft:stone_pickaxe":109,"minecraft:wooden_pickaxe":7,"minecraft:stone_axe":90,"minecraft:sweet_berries":21,"minecraft:crafting_table":5,"minecraft:furnace":6,"minecraft:cooked_porkchop":4},"minecraft:custom":{"minecraft:time_since_rest":26172,"minecraft:interact_with_furnace":24,"minecraft:sprint_one_cm":115851,"minecraft:walk_one_cm":60098,"minecraft:damage_taken":545,"minecraft:mob_kills":12,"minecraft:drop":12,"minecraft:damage_dealt":1731,"minecraft:swim_one_cm":2588,"minecraft:interact_with_crafting_table":12,"minecraft:fly_one_cm":114961,"minecraft:open_chest":5,"minecraft:crouch_one_cm":468,"minecraft:play_time":26172,"minecraft:sneak_time":128,"minecraft:walk_under_water_one_cm":997,"minecraft:jump":690,"minecraft:time_since_death":26172,"minecraft:walk_on_water_one_cm":4539,"minecraft:climb_one_cm":234,"minecraft:total_world_time":26172,"minecraft:fall_one_cm":20022,"minecraft:horse_one_cm":960},"minecraft:mined":{"minecraft:furnace":6,"minecraft:iron_ore":1,"minecraft:sweet_berry_bush":8,"minecraft:crafting_table":5,"minecraft:short_grass":4,"minecraft:oak_log":49,"minecraft:coal_ore":25,"minecraft:stone":78,"minecraft:sugar_cane":5,"minecraft:diorite":1,"minecraft:oak_leaves":9},"minecraft:crafted":{"minecraft:oak_planks":196,"minecraft:cooked_porkchop":4,"minecraft:crafting_table":1,"minecraft:stick":24,"minecraft:iron_pickaxe":1,"minecraft:iron_ingot":4,"minecraft:wooden_pickaxe":2,"minecraft:stone_pickaxe":2,"minecraft:wooden_axe":2,"minecraft:furnace":2,"minecraft:stone_axe":2,"minecraft:cooked_mutton":3,"minecraft:air":0},"minecraft:dropped":{"minecraft:stone_axe":2,"minecraft:wooden_axe":2,"minecraft:leather_leggings":1,"minecraft:spider_eye":1,"minecraft:stone_pickaxe":3,"minecraft:wooden_pickaxe":2,"minecraft:saddle":1},"minecraft:killed":{"minecraft:sheep":4,"minecraft:zombie":1,"minecraft:pig":2,"minecraft:spider":5}},"DataVersion":3953}