{"stats":{"minecraft:crafted":{"minecraft:cooked_porkchop":13,"minecraft:crafting_table":2,"minecraft:wooden_pickaxe":1,"minecraft:birch_boat":1,"minecraft:iron_helmet":1,"minecraft:iron_sword":1,"minecraft:furnace":3,"minecraft:birch_planks":136,"minecraft:stone_axe":1,"minecraft:bread":36,"minecraft:cooked_mutton":10,"minecraft:air":0,"minecraft:iron_boots":1,"minecraft:iron_chestplate":1,"minecraft:stick":56,"minecraft:iron_ingot":29,"minecraft:iron_pickaxe":1,"minecraft:stone_pickaxe":1,"minecraft:wooden_axe":1,"minecraft:iron_leggings":1,"minecraft:wheat":144},"minecraft:custom":{"minecraft:interact_with_furnace":44,"minecraft:mob_kills":44,"minecraft:interact_with_crafting_table":21,"minecraft:bell_ring":4,"minecraft:time_since_death":55368,"minecraft:sleep_in_bed":1,"minecraft:time_since_rest":11887,"minecraft:sprint_one_cm":212926,"minecraft:walk_one_cm":103280,"minecraft:damage_taken":902,"minecraft:damage_absorbed":40,"minecraft:drop":7,"minecraft:damage_dealt":5303,"minecraft:talked_to_villager":1,"minecraft:swim_one_cm":37248,"minecraft:fly_one_cm":253535,"minecraft:open_chest":8,"minecraft:crouch_one_cm":1009,"minecraft:play_time":58117,"minecraft:deaths":1,"minecraft:sneak_time":449,"minecraft:walk_under_water_one_cm":12713,"minecraft:boat_one_cm":24122,"minecraft:jump":1538,"minecraft:walk_on_water_one_cm":33455,"minecraft:total_world_time":58117,"minecraft:fall_one_cm":45536},"minecraft:mined":{"minecraft:deepslate_redstone_ore":2,"minecraft:tuff":5,"minecraft:deepslate_diamond_ore":12,"minecraft:crafting_table":5,"minecraft:short_grass":4,"minecraft:grass_block":11,"minecraft:spruce_leaves":1,"minecraft:deepslate_gold_ore":7,"minecraft:hay_block":33,"minecraft:furnace":5,"minecraft:birch_log":34,"minecraft:iron_ore":36,"minecraft:sweet_berry_bush":4,"minecraft:birch_leaves":1,"minecraft:deepslate_lapis_ore":3,"minecraft:coal_ore":63,"minecraft:deepslate_iron_ore":4,"minecraft:gravel":3,"minecraft:dirt":17,"minecraft:stone":81,"minecraft:oak_leaves":2,"minecraft:deepslate":11},"minecraft:picked_up":{"minecraft:birch_log":34,"minecraft:crafting_table":5,"minecraft:glow_ink_sac":3,"minecraft:flint":1,"minecraft:tuff":5,"minecraft:string":2,"minecraft:lapis_lazuli":24,"minecraft:dirt":25,"minecraft:bone":4,"minecraft:cobbled_deepslate":11,"minecraft:raw_gold":7,"minecraft:light_gray_wool":3,"minecraft:birch_sapling":1,"minecraft:furnace":5,"minecraft:raw_iron":40,"minecraft:cooked_porkchop":2,"minecraft:birch_boat":1,"minecraft:sweet_berries":5,"minecraft:gravel":2,"minecraft:porkchop":51,"minecraft:redstone":10,"minecraft:rotten_flesh":2,"minecraft:diamond":12,"minecraft:hay_block":33,"minecraft:black_wool":1,"minecraft:mutton":16,"minecraft:coal":104,"minecraft:white_wool":7,"minecraft:cobblestone":81},"minecraft:killed_by":{"minecraft:player":1},"minecraft:dropped":{"minecraft:glow_ink_sac":3,"minecraft:tuff":5,"minecraft:birch_sapling":1,"minecraft:rotten_flesh":2,"minecraft:wooden_axe":1,"minecraft:wooden_pickaxe":1},"minecraft:broken":{"minecraft:stone_pickaxe":1},"minecraft:killed":{"minecraft:cave_spider":1,"minecraft:pig":23,"minecraft:zombie_villager":1,"minecraft:sheep":11,"minecraft:skeleton":3,"minecraft:zombie":5},"minecraft:used":{"minecraft:cooked_mutton":5,"minecraft:stone_pickaxe":131,"minecraft:wooden_pickaxe":7,"minecraft:birch_boat":2,"minecraft:iron_sword":140,"minecraft:golden_apple":1,"minecraft:dirt":8,"minecraft:crafting_table":6,"minecraft:wooden_axe":33,"minecraft:bread":4,"minecraft:iron_pickaxe":107,"minecraft:gravel":2,"minecraft:stone_axe":14,"minecraft:sweet_berries":5,"minecraft:furnace":8,"minecraft:cooked_porkchop":4}},"DataVersion":3953}