{"stats":{"minecraft:crafted":{"minecraft:cherry_planks":48,"minecraft:oak_door":3,"minecraft:oak_planks":560,"minecraft:cooked_porkchop":17,"minecraft:crafting_table":1,"minecraft:iron_helmet":1,"minecraft:wooden_pickaxe":1,"minecraft:iron_sword":1,"minecraft:furnace":6,"minecraft:bucket":1,"minecraft:cooked_mutton":8,"minecraft:bread":132,"minecraft:air":0,"minecraft:iron_boots":1,"minecraft:iron_chestplate":1,"minecraft:diamond_pickaxe":1,"minecraft:shield":1,"minecraft:iron_axe":2,"minecraft:stick":56,"minecraft:iron_ingot":53,"minecraft:iron_pickaxe":3,"minecraft:stone_pickaxe":1,"minecraft:chest":2,"minecraft:iron_leggings":1,"minecraft:wheat":396},"minecraft:used":{"minecraft:water_bucket":10,"minecraft:stone_pickaxe":96,"minecraft:oak_planks":421,"minecraft:shield":22,"minecraft:leather_chestplate":1,"minecraft:chest":2,"minecraft:wooden_pickaxe":5,"minecraft:iron_sword":96,"minecraft:netherrack":18,"minecraft:oak_door":2,"minecraft:torch":1,"minecraft:dirt":20,"minecraft:crafting_table":5,"minecraft:iron_axe":212,"minecraft:bread":52,"minecraft:iron_pickaxe":324,"minecraft:leather_helmet":1,"minecraft:cobblestone":10,"minecraft:hay_block":1,"minecraft:oak_sapling":1,"minecraft:furnace":8,"minecraft:bucket":11,"minecraft:egg":2,"minecraft:cobbled_deepslate":20},"minecraft:mined":{"minecraft:deepslate_redstone_ore":4,"minecraft:deepslate_diamond_ore":2,"minecraft:crimson_nylium":3,"minecraft:sculk_vein":4,"minecraft:cherry_log":35,"minecraft:crafting_table":4,"minecraft:short_grass":10,"minecraft:tall_grass":1,"minecraft:oak_planks":8,"minecraft:sculk":112,"minecraft:diorite":1,"minecraft:wall_torch":1,"minecraft:pink_petals":2,"minecraft:hay_block":46,"minecraft:warped_nylium":1,"minecraft:furnace":2,"minecraft:iron_ore":30,"minecraft:deepslate_lapis_ore":3,"minecraft:coal_ore":107,"minecraft:oak_log":141,"minecraft:deepslate_iron_ore":31,"minecraft:cherry_leaves":3,"minecraft:gravel":2,"minecraft:dirt":12,"minecraft:stone":95,"minecraft:netherrack":93,"minecraft:deepslate":38,"minecraft:oak_leaves":18},"minecraft:custom":{"minecraft:interact_with_furnace":48,"minecraft:mob_kills":35,"minecraft:interact_with_crafting_table":29,"minecraft:bell_ring":1,"minecraft:leave_game":2,"minecraft:time_since_death":0,"minecraft:sleep_in_bed":2,"minecraft:time_since_rest":408,"minecraft:sprint_one_cm":334568,"minecraft:damage_taken":2536,"minecraft:walk_one_cm":255702,"minecraft:damage_blocked_by_shield":486,"minecraft:drop":32,"minecraft:damage_dealt":6056,"minecraft:swim_one_cm":44469,"minecraft:fly_one_cm":393614,"minecraft:open_chest":8,"minecraft:crouch_one_cm":24707,"minecraft:play_time":112568,"minecraft:deaths":1,"minecraft:sneak_time":6066,"minecraft:walk_under_water_one_cm":9402,"minecraft:jump":2459,"minecraft:walk_on_water_one_cm":11716,"minecraft:total_world_time":112568,"minecraft:fall_one_cm":71875,"minecraft:horse_one_cm":167986},"minecraft:picked_up":{"minecraft:pink_petals":27,"minecraft:crafting_table":4,"minecraft:potato":1,"minecraft:flint":1,"minecraft:oak_log":140,"minecraft:golden_boots":1,"minecraft:nether_wart_block":2,"minecraft:lapis_lazuli":17,"minecraft:string":2,"minecraft:dirt":22,"minecraft:bone":7,"minecraft:cobbled_deepslate":44,"minecraft:stone_pickaxe":2,"minecraft:oak_planks":8,"minecraft:egg":3,"minecraft:furnace":2,"minecraft:stick":2,"minecraft:raw_iron":59,"minecraft:torch":1,"minecraft:porkchop":22,"minecraft:cherry_log":34,"minecraft:ink_sac":1,"minecraft:diorite":1,"minecraft:redstone":17,"minecraft:spider_eye":2,"minecraft:weeping_vines":4,"minecraft:arrow":12,"minecraft:rotten_flesh":3,"minecraft:diamond":3,"minecraft:hay_block":45,"minecraft:crossbow":1,"minecraft:netherrack":87,"minecraft:crimson_roots":8,"minecraft:oak_sapling":1,"minecraft:black_wool":1,"minecraft:mutton":8,"minecraft:coal":161,"minecraft:cobblestone":93,"minecraft:white_wool":4},"minecraft:dropped":{"minecraft:oak_door":1,"minecraft:water_bucket":1,"minecraft:bread":64,"minecraft:cobbled_deepslate":8,"minecraft:weeping_vines":4,"minecraft:rotten_flesh":3,"minecraft:oak_planks":25,"minecraft:leather_helmet":1,"minecraft:dirt":2,"minecraft:leather_chestplate":1,"minecraft:diorite":1,"minecraft:ink_sac":1,"minecraft:nether_wart_block":2,"minecraft:diamond_pickaxe":1,"minecraft:crimson_roots":7,"minecraft:spider_eye":2,"minecraft:iron_axe":1,"minecraft:wooden_pickaxe":1,"minecraft:stone_pickaxe":3,"minecraft:iron_pickaxe":2,"minecraft:string":1,"minecraft:black_wool":1,"minecraft:pink_petals":27,"minecraft:netherrack":11,"minecraft:egg":1},"minecraft:killed":{"minecraft:piglin":1,"minecraft:pig":8,"minecraft:spider":1,"minecraft:hoglin":2,"minecraft:skeleton":13,"minecraft:sheep":5,"minecraft:zombie":3}},"DataVersion":3953}