{"stats":{"minecraft:used":{"minecraft:cooked_mutton":5,"minecraft:stone_pickaxe":131,"minecraft:chest":1,"minecraft:wooden_pickaxe":7,"minecraft:birch_boat":7,"minecraft:shield":16,"minecraft:iron_sword":187,"minecraft:diamond_axe":67,"minecraft:golden_apple":1,"minecraft:dirt":34,"minecraft:crafting_table":11,"minecraft:tuff":4,"minecraft:wooden_axe":33,"minecraft:diamond_pickaxe":112,"minecraft:bread":36,"minecraft:iron_pickaxe":242,"minecraft:gravel":2,"minecraft:stone_axe":18,"minecraft:diamond_sword":12,"minecraft:cobblestone":54,"minecraft:sweet_berries":5,"minecraft:furnace":11,"minecraft:cooked_porkchop":4,"minecraft:cobbled_deepslate":40},"minecraft:picked_up":{"minecraft:birch_log":34,"minecraft:crafting_table":9,"minecraft:glow_ink_sac":3,"minecraft:pink_wool":1,"minecraft:flint":1,"minecraft:tuff":10,"minecraft:dirt":35,"minecraft:lapis_lazuli":34,"minecraft:string":2,"minecraft:raw_copper":2,"minecraft:bone":11,"minecraft:bow":1,"minecraft:wheat_seeds":2,"minecraft:cobbled_deepslate":40,"minecraft:raw_gold":7,"minecraft:light_gray_wool":3,"minecraft:birch_sapling":1,"minecraft:furnace":11,"minecraft:raw_iron":85,"minecraft:cooked_porkchop":2,"minecraft:birch_boat":4,"minecraft:sweet_berries":5,"minecraft:gravel":2,"minecraft:porkchop":104,"minecraft:redstone":10,"minecraft:spider_eye":1,"minecraft:arrow":2,"minecraft:rotten_flesh":4,"minecraft:diamond":22,"minecraft:hay_block":44,"minecraft:gray_wool":1,"minecraft:netherrack":53,"minecraft:black_wool":2,"minecraft:mutton":56,"minecraft:coal":166,"minecraft:white_wool":31,"minecraft:cobblestone":161},"minecraft:dropped":{"minecraft:wheat_seeds":2,"minecraft:glow_ink_sac":3,"minecraft:tuff":5,"minecraft:birch_sapling":1,"minecraft:rotten_flesh":4,"minecraft:gray_wool":1,"minecraft:wooden_axe":1,"minecraft:pink_wool":1,"minecraft:wooden_pickaxe":1,"minecraft:iron_pickaxe":1,"minecraft:redstone":10},"minecraft:killed":{"minecraft:cave_spider":1,"minecraft:pig":48,"minecraft:zombie_villager":1,"minecraft:spider":2,"minecraft:sheep":38,"minecraft:skeleton":8,"minecraft:zombie":8},"minecraft:custom":{"minecraft:interact_with_furnace":70,"minecraft:mob_kills":107,"minecraft:interact_with_crafting_table":39,"minecraft:bell_ring":4,"minecraft:time_since_death":121077,"minecraft:sleep_in_bed":3,"minecraft:time_since_rest":26774,"minecraft:sprint_one_cm":461482,"minecraft:damage_absorbed":40,"minecraft:damage_taken":1968,"minecraft:walk_one_cm":174677,"minecraft:damage_blocked_by_shield":355,"minecraft:drop":14,"minecraft:damage_dealt":11714,"minecraft:swim_one_cm":70443,"minecraft:talked_to_villager":4,"minecraft:fly_one_cm":661418,"minecraft:open_chest":29,"minecraft:crouch_one_cm":5247,"minecraft:play_time":123826,"minecraft:deaths":1,"minecraft:sneak_time":1622,"minecraft:walk_under_water_one_cm":22052,"minecraft:boat_one_cm":338599,"minecraft:jump":3503,"minecraft:walk_on_water_one_cm":53364,"minecraft:total_world_time":123826,"minecraft:fall_one_cm":104764},"minecraft:mined":{"minecraft:deepslate_redstone_ore":2,"minecraft:tuff":6,"minecraft:deepslate_diamond_ore":22,"minecraft:crafting_table":9,"minecraft:short_grass":8,"minecraft:grass_block":12,"minecraft:tall_grass":2,"minecraft:copper_ore":2,"minecraft:spruce_leaves":1,"minecraft:lapis_ore":1,"minecraft:deepslate_gold_ore":7,"minecraft:hay_block":44,"minecraft:furnace":11,"minecraft:fire":1,"minecraft:birch_log":34,"minecraft:iron_ore":72,"minecraft:sweet_berry_bush":4,"minecraft:birch_leaves":1,"minecraft:deepslate_lapis_ore":4,"minecraft:coal_ore":78,"minecraft:deepslate_iron_ore":15,"minecraft:gravel":3,"minecraft:dirt":26,"minecraft:stone":164,"minecraft:netherrack":54,"minecraft:oak_leaves":2,"minecraft:deepslate":34},"minecraft:killed_by":{"minecraft:player":1},"minecraft:crafted":{"minecraft:diamond_sword":2,"minecraft:cooked_porkchop":23,"minecraft:diamond_axe":1,"minecraft:crafting_table":2,"minecraft:birch_boat":3,"minecraft:wooden_pickaxe":1,"minecraft:iron_helmet":1,"minecraft:iron_sword":1,"minecraft:furnace":3,"minecraft:birch_planks":136,"minecraft:stone_axe":1,"minecraft:bread":99,"minecraft:cooked_mutton":10,"minecraft:air":0,"minecraft:iron_boots":1,"minecraft:iron_chestplate":1,"minecraft:diamond_pickaxe":2,"minecraft:shield":1,"minecraft:stick":56,"minecraft:iron_ingot":59,"minecraft:iron_pickaxe":1,"minecraft:stone_pickaxe":1,"minecraft:wooden_axe":1,"minecraft:chest":1,"minecraft:iron_leggings":1,"minecraft:diamond_chestplate":1,"minecraft:wheat":297},"minecraft:broken":{"minecraft:stone_pickaxe":1}},"DataVersion":3953}