{"stats":{"minecraft:used":{"minecraft:cooked_mutton":5,"minecraft:stone_pickaxe":131,"minecraft:wooden_pickaxe":7,"minecraft:birch_boat":3,"minecraft:shield":16,"minecraft:iron_sword":187,"minecraft:diamond_axe":66,"minecraft:golden_apple":1,"minecraft:dirt":25,"minecraft:crafting_table":9,"minecraft:tuff":4,"minecraft:wooden_axe":33,"minecraft:diamond_pickaxe":58,"minecraft:bread":30,"minecraft:iron_pickaxe":242,"minecraft:gravel":2,"minecraft:stone_axe":18,"minecraft:diamond_sword":4,"minecraft:cobblestone":54,"minecraft:sweet_berries":5,"minecraft:furnace":11,"minecraft:cooked_porkchop":4,"minecraft:cobbled_deepslate":40},"minecraft:picked_up":{"minecraft:birch_log":34,"minecraft:crafting_table":8,"minecraft:glow_ink_sac":3,"minecraft:pink_wool":1,"minecraft:flint":1,"minecraft:tuff":10,"minecraft:dirt":35,"minecraft:lapis_lazuli":34,"minecraft:string":2,"minecraft:raw_copper":2,"minecraft:bone":11,"minecraft:bow":1,"minecraft:cobbled_deepslate":40,"minecraft:raw_gold":7,"minecraft:light_gray_wool":3,"minecraft:birch_sapling":1,"minecraft:furnace":11,"minecraft:raw_iron":85,"minecraft:cooked_porkchop":2,"minecraft:birch_boat":2,"minecraft:sweet_berries":5,"minecraft:gravel":2,"minecraft:porkchop":104,"minecraft:redstone":10,"minecraft:spider_eye":1,"minecraft:arrow":2,"minecraft:rotten_flesh":2,"minecraft:diamond":22,"minecraft:hay_block":44,"minecraft:gray_wool":1,"minecraft:black_wool":2,"minecraft:mutton":56,"minecraft:coal":166,"minecraft:white_wool":31,"minecraft:cobblestone":161},"minecraft:dropped":{"minecraft:glow_ink_sac":3,"minecraft:tuff":5,"minecraft:birch_sapling":1,"minecraft:rotten_flesh":2,"minecraft:gray_wool":1,"minecraft:wooden_axe":1,"minecraft:pink_wool":1,"minecraft:wooden_pickaxe":1,"minecraft:iron_pickaxe":1},"minecraft:killed":{"minecraft:cave_spider":1,"minecraft:pig":48,"minecraft:zombie_villager":1,"minecraft:spider":2,"minecraft:sheep":38,"minecraft:skeleton":8,"minecraft:zombie":6},"minecraft:custom":{"minecraft:interact_with_furnace":70,"minecraft:mob_kills":105,"minecraft:interact_with_crafting_table":37,"minecraft:bell_ring":4,"minecraft:time_since_death":103077,"minecraft:sleep_in_bed":3,"minecraft:time_since_rest":8774,"minecraft:sprint_one_cm":415403,"minecraft:damage_absorbed":40,"minecraft:damage_taken":1780,"minecraft:walk_one_cm":161306,"minecraft:damage_blocked_by_shield":355,"minecraft:drop":10,"minecraft:damage_dealt":11314,"minecraft:swim_one_cm":56731,"minecraft:talked_to_villager":4,"minecraft:fly_one_cm":594963,"minecraft:open_chest":26,"minecraft:crouch_one_cm":5247,"minecraft:play_time":105826,"minecraft:deaths":1,"minecraft:sneak_time":1588,"minecraft:walk_under_water_one_cm":14275,"minecraft:boat_one_cm":85130,"minecraft:jump":3164,"minecraft:walk_on_water_one_cm":45611,"minecraft:total_world_time":105826,"minecraft:fall_one_cm":96775},"minecraft:mined":{"minecraft:deepslate_redstone_ore":2,"minecraft:tuff":6,"minecraft:deepslate_diamond_ore":22,"minecraft:crafting_table":8,"minecraft:short_grass":8,"minecraft:grass_block":12,"minecraft:tall_grass":2,"minecraft:copper_ore":2,"minecraft:spruce_leaves":1,"minecraft:lapis_ore":1,"minecraft:deepslate_gold_ore":7,"minecraft:hay_block":44,"minecraft:furnace":11,"minecraft:birch_log":34,"minecraft:iron_ore":72,"minecraft:sweet_berry_bush":4,"minecraft:birch_leaves":1,"minecraft:deepslate_lapis_ore":4,"minecraft:coal_ore":78,"minecraft:deepslate_iron_ore":15,"minecraft:gravel":3,"minecraft:dirt":26,"minecraft:stone":164,"minecraft:oak_leaves":2,"minecraft:deepslate":34},"minecraft:killed_by":{"minecraft:player":1},"minecraft:crafted":{"minecraft:diamond_sword":2,"minecraft:cooked_porkchop":23,"minecraft:diamond_axe":1,"minecraft:crafting_table":2,"minecraft:birch_boat":2,"minecraft:wooden_pickaxe":1,"minecraft:iron_helmet":1,"minecraft:iron_sword":1,"minecraft:furnace":3,"minecraft:birch_planks":136,"minecraft:stone_axe":1,"minecraft:bread":99,"minecraft:cooked_mutton":10,"minecraft:air":0,"minecraft:iron_boots":1,"minecraft:iron_chestplate":1,"minecraft:diamond_pickaxe":2,"minecraft:shield":1,"minecraft:stick":56,"minecraft:iron_ingot":59,"minecraft:iron_pickaxe":1,"minecraft:stone_pickaxe":1,"minecraft:wooden_axe":1,"minecraft:iron_leggings":1,"minecraft:diamond_chestplate":1,"minecraft:wheat":297},"minecraft:broken":{"minecraft:stone_pickaxe":1}},"DataVersion":3953}