{"stats":{"minecraft:crafted":{"minecraft:cherry_planks":48,"minecraft:oak_door":3,"minecraft:oak_planks":560,"minecraft:crafting_table":1,"minecraft:wooden_pickaxe":1,"minecraft:iron_sword":1,"minecraft:furnace":6,"minecraft:bucket":1,"minecraft:bread":132,"minecraft:air":0,"minecraft:diamond_pickaxe":1,"minecraft:shield":1,"minecraft:iron_axe":2,"minecraft:stick":56,"minecraft:iron_ingot":20,"minecraft:iron_pickaxe":2,"minecraft:stone_pickaxe":1,"minecraft:chest":2,"minecraft:wheat":396},"minecraft:used":{"minecraft:water_bucket":10,"minecraft:stone_pickaxe":96,"minecraft:oak_planks":421,"minecraft:shield":22,"minecraft:leather_chestplate":1,"minecraft:chest":2,"minecraft:wooden_pickaxe":5,"minecraft:iron_sword":67,"minecraft:oak_door":2,"minecraft:torch":1,"minecraft:dirt":20,"minecraft:crafting_table":5,"minecraft:iron_axe":210,"minecraft:bread":40,"minecraft:iron_pickaxe":227,"minecraft:leather_helmet":1,"minecraft:cobblestone":10,"minecraft:hay_block":1,"minecraft:oak_sapling":1,"minecraft:furnace":8,"minecraft:bucket":11,"minecraft:egg":2,"minecraft:cobbled_deepslate":17},"minecraft:mined":{"minecraft:deepslate_redstone_ore":4,"minecraft:deepslate_diamond_ore":2,"minecraft:sculk_vein":3,"minecraft:cherry_log":35,"minecraft:crafting_table":4,"minecraft:short_grass":10,"minecraft:tall_grass":1,"minecraft:oak_planks":7,"minecraft:sculk":63,"minecraft:diorite":1,"minecraft:wall_torch":1,"minecraft:pink_petals":2,"minecraft:hay_block":46,"minecraft:furnace":2,"minecraft:iron_ore":30,"minecraft:deepslate_lapis_ore":3,"minecraft:coal_ore":107,"minecraft:oak_log":141,"minecraft:deepslate_iron_ore":31,"minecraft:cherry_leaves":3,"minecraft:gravel":2,"minecraft:dirt":12,"minecraft:stone":95,"minecraft:deepslate":38,"minecraft:oak_leaves":18},"minecraft:custom":{"minecraft:interact_with_furnace":26,"minecraft:mob_kills":31,"minecraft:interact_with_crafting_table":26,"minecraft:bell_ring":1,"minecraft:leave_game":1,"minecraft:time_since_death":91192,"minecraft:sleep_in_bed":2,"minecraft:time_since_rest":28296,"minecraft:sprint_one_cm":261347,"minecraft:damage_taken":1709,"minecraft:walk_one_cm":200128,"minecraft:damage_blocked_by_shield":486,"minecraft:drop":14,"minecraft:damage_dealt":4816,"minecraft:swim_one_cm":44469,"minecraft:fly_one_cm":332141,"minecraft:open_chest":8,"minecraft:crouch_one_cm":19392,"minecraft:play_time":91192,"minecraft:sneak_time":5018,"minecraft:walk_under_water_one_cm":9327,"minecraft:jump":1972,"minecraft:walk_on_water_one_cm":10658,"minecraft:total_world_time":91192,"minecraft:fall_one_cm":56152,"minecraft:horse_one_cm":167986},"minecraft:picked_up":{"minecraft:pink_petals":27,"minecraft:crafting_table":4,"minecraft:potato":1,"minecraft:flint":1,"minecraft:oak_log":140,"minecraft:lapis_lazuli":17,"minecraft:string":1,"minecraft:dirt":22,"minecraft:bone":7,"minecraft:cobbled_deepslate":44,"minecraft:stone_pickaxe":1,"minecraft:oak_planks":7,"minecraft:egg":3,"minecraft:furnace":2,"minecraft:stick":2,"minecraft:raw_iron":59,"minecraft:torch":1,"minecraft:porkchop":18,"minecraft:cherry_log":34,"minecraft:ink_sac":1,"minecraft:diorite":1,"minecraft:redstone":17,"minecraft:spider_eye":1,"minecraft:arrow":12,"minecraft:rotten_flesh":3,"minecraft:diamond":3,"minecraft:hay_block":45,"minecraft:oak_sapling":1,"minecraft:black_wool":1,"minecraft:mutton":8,"minecraft:coal":161,"minecraft:cobblestone":92,"minecraft:white_wool":4},"minecraft:dropped":{"minecraft:oak_door":1,"minecraft:water_bucket":1,"minecraft:bread":64,"minecraft:rotten_flesh":3,"minecraft:diorite":1,"minecraft:ink_sac":1,"minecraft:diamond_pickaxe":1,"minecraft:iron_axe":1,"minecraft:wooden_pickaxe":1,"minecraft:stone_pickaxe":2,"minecraft:iron_pickaxe":1,"minecraft:pink_petals":27,"minecraft:egg":1},"minecraft:killed":{"minecraft:pig":8,"minecraft:spider":1,"minecraft:skeleton":13,"minecraft:sheep":5,"minecraft:zombie":3}},"DataVersion":3953}