{"stats":{"minecraft:used":{"minecraft:tuff_bricks":42,"minecraft:chiseled_tuff":3,"minecraft:decorated_pot":19,"minecraft:chest":2,"minecraft:shield":40,"minecraft:carrot":19,"minecraft:waxed_copper_grate":1,"minecraft:tuff":1,"minecraft:obsidian":12,"minecraft:honey_bottle":4,"minecraft:glass":79,"minecraft:lava_bucket":2,"minecraft:bow":21,"minecraft:sweet_berries":54,"minecraft:ominous_bottle":1,"minecraft:furnace":14,"minecraft:potato":7,"minecraft:diorite":1,"minecraft:stone_pickaxe":109,"minecraft:oak_planks":230,"minecraft:wooden_pickaxe":7,"minecraft:diamond_axe":458,"minecraft:cookie":1,"minecraft:white_wool":26,"minecraft:sand":2,"minecraft:crossbow":19,"minecraft:lingering_potion":1,"minecraft:polished_tuff":2,"minecraft:bread":8,"minecraft:chiseled_tuff_bricks":1,"minecraft:diamond_sword":199,"minecraft:oak_boat":2,"minecraft:waxed_copper_bulb":1,"minecraft:oak_fence":14,"minecraft:trident":81,"minecraft:flint_and_steel":24,"minecraft:stone_shovel":87,"minecraft:netherrack":77,"minecraft:cooked_chicken":2,"minecraft:trial_key":5,"minecraft:oak_door":10,"minecraft:dirt":8,"minecraft:oak_fence_gate":3,"minecraft:wooden_axe":25,"minecraft:iron_axe":186,"minecraft:golden_carrot":1,"minecraft:cooked_mutton":76,"minecraft:water_bucket":31,"minecraft:baked_potato":1,"minecraft:waxed_oxidized_cut_copper":1,"minecraft:waxed_copper_block":2,"minecraft:crafting_table":9,"minecraft:white_bed":3,"minecraft:oak_log":6,"minecraft:black_wool":2,"minecraft:diamond_pickaxe":737,"minecraft:wind_charge":16,"minecraft:chicken":1,"minecraft:iron_pickaxe":83,"minecraft:spruce_sapling":23,"minecraft:stone_axe":104,"minecraft:cobblestone":4,"minecraft:porkchop":2,"minecraft:cooked_porkchop":21,"minecraft:bucket":34,"minecraft:splash_potion":4},"minecraft:dropped":{"minecraft:guster_pottery_sherd":2,"minecraft:ominous_bottle":1,"minecraft:cooked_beef":26,"minecraft:glass_bottle":2,"minecraft:ender_pearl":16,"minecraft:cooked_porkchop":22,"minecraft:crossbow":1,"minecraft:warped_roots":7,"minecraft:saddle":1,"minecraft:red_carpet":14,"minecraft:emerald":42,"minecraft:dirt":21,"minecraft:scrape_pottery_sherd":5,"minecraft:bolt_armor_trim_smithing_template":2,"minecraft:dark_oak_planks":5,"minecraft:birch_log":2,"minecraft:oak_door":1,"minecraft:stone_axe":4,"minecraft:goat_horn":1,"minecraft:diamond_block":1,"minecraft:cooked_chicken":6,"minecraft:cobbled_deepslate":24,"minecraft:birch_sapling":2,"minecraft:rotten_flesh":21,"minecraft:cooked_mutton":39,"minecraft:leather_chestplate":1,"minecraft:tipped_arrow":16,"minecraft:trident":2,"minecraft:gunpowder":2,"minecraft:lingering_potion":4,"minecraft:leather_leggings":2,"minecraft:arrow":56,"minecraft:glass":1,"minecraft:crying_obsidian":2,"minecraft:stone_brick_stairs":1,"minecraft:egg":1,"minecraft:iron_ingot":18,"minecraft:wheat_seeds":13,"minecraft:mossy_cobblestone":2,"minecraft:feather":10,"minecraft:oak_fence":5,"minecraft:iron_helmet":2,"minecraft:cobblestone":68,"minecraft:apple":28,"minecraft:golden_apple":1,"minecraft:diorite":22,"minecraft:wooden_axe":4,"minecraft:map":1,"minecraft:white_banner":1,"minecraft:string":1,"minecraft:lily_pad":25,"minecraft:stone_brick_slab":1,"minecraft:tuff_bricks":3,"minecraft:sweet_berries":4,"minecraft:warped_nylium":2,"minecraft:flow_pottery_sherd":4,"minecraft:blaze_rod":25,"minecraft:stone_sword":1,"minecraft:guster_banner_pattern":1,"minecraft:stone_shovel":1,"minecraft:light_gray_wool":2,"minecraft:trial_key":3,"minecraft:andesite":46,"minecraft:mossy_stone_bricks":1,"minecraft:oak_sapling":3,"minecraft:spider_eye":2,"minecraft:bow":1,"minecraft:stone_pickaxe":3,"minecraft:wooden_pickaxe":2,"minecraft:black_wool":2,"minecraft:brick":142},"minecraft:killed":{"minecraft:spider":8,"minecraft:skeleton":5,"minecraft:chicken":9,"minecraft:piglin":2,"minecraft:pig":24,"minecraft:iron_golem":1,"minecraft:creeper":1,"minecraft:sheep":92,"minecraft:pillager":12,"minecraft:zombie":18,"minecraft:cow":11,"minecraft:blaze":1,"minecraft:evoker":1,"minecraft:vex":3,"minecraft:bogged":6,"minecraft:vindicator":5,"minecraft:husk":3,"minecraft:ravager":2,"minecraft:breeze":3,"minecraft:wither_skeleton":4,"minecraft:enderman":11},"minecraft:custom":{"minecraft:interact_with_crafting_table":71,"minecraft:open_barrel":23,"minecraft:bell_ring":22,"minecraft:leave_game":5,"minecraft:time_since_death":463815,"minecraft:sprint_one_cm":1836978,"minecraft:damage_blocked_by_shield":995,"minecraft:drop":189,"minecraft:talked_to_villager":15,"minecraft:play_time":463815,"minecraft:jump":9099,"minecraft:walk_on_water_one_cm":75928,"minecraft:interact_with_furnace":163,"minecraft:traded_with_villager":2,"minecraft:interact_with_cartography_table":1,"minecraft:sleep_in_bed":12,"minecraft:damage_dealt":27758,"minecraft:crouch_one_cm":19096,"minecraft:inspect_dispenser":36,"minecraft:horse_one_cm":1538916,"minecraft:interact_with_smithing_table":2,"minecraft:mob_kills":224,"minecraft:climb_one_cm":10126,"minecraft:walk_one_cm":882467,"minecraft:raid_win":2,"minecraft:sneak_time":5056,"minecraft:walk_under_water_one_cm":69432,"minecraft:boat_one_cm":273909,"minecraft:interact_with_blast_furnace":1,"minecraft:total_world_time":463815,"minecraft:raid_trigger":1,"minecraft:time_since_rest":55390,"minecraft:damage_taken":6155,"minecraft:swim_one_cm":161792,"minecraft:fly_one_cm":2090554,"minecraft:open_chest":218,"minecraft:fall_one_cm":231200},"minecraft:crafted":{"minecraft:oak_planks":364,"minecraft:leather_horse_armor":1,"minecraft:cooked_chicken":7,"minecraft:cooked_mutton":115,"minecraft:glass":80,"minecraft:iron_boots":1,"minecraft:chest":2,"minecraft:oak_fence":15,"minecraft:emerald":2,"minecraft:cooked_porkchop":32,"minecraft:crafting_table":2,"minecraft:wooden_pickaxe":2,"minecraft:iron_helmet":1,"minecraft:iron_chestplate":1,"minecraft:shield":1,"minecraft:stick":108,"minecraft:iron_ingot":21,"minecraft:iron_pickaxe":1,"minecraft:oak_door":6,"minecraft:stone_shovel":1,"minecraft:furnace":4,"minecraft:flint_and_steel":1,"minecraft:iron_axe":1,"minecraft:stone_pickaxe":2,"minecraft:cooked_beef":26,"minecraft:bucket":1,"minecraft:stone_axe":2,"minecraft:air":0,"minecraft:oak_fence_gate":2,"minecraft:oak_boat":1,"minecraft:golden_apple":3,"minecraft:wooden_axe":2,"minecraft:iron_leggings":1,"minecraft:white_bed":2},"minecraft:mined":{"minecraft:dark_oak_planks":4,"minecraft:white_bed":1,"minecraft:obsidian":12,"minecraft:grass_block":4,"minecraft:chiseled_tuff_bricks":1,"minecraft:tuff_bricks":45,"minecraft:iron_ore":15,"minecraft:cobbled_deepslate":2,"minecraft:fire":27,"minecraft:polished_tuff":1,"minecraft:glass":1,"minecraft:cobblestone":7,"minecraft:sugar_cane":11,"minecraft:oak_planks":20,"minecraft:waxed_copper_bulb":3,"minecraft:warped_nylium":9,"minecraft:waxed_copper_block":3,"minecraft:stone_brick_stairs":1,"minecraft:oak_log":145,"minecraft:oak_fence_gate":1,"minecraft:sand":87,"minecraft:dirt":13,"minecraft:netherrack":166,"minecraft:oak_leaves":10,"minecraft:deepslate":101,"minecraft:crying_obsidian":2,"minecraft:red_carpet":1,"minecraft:mossy_cobblestone":4,"minecraft:deepslate_diamond_ore":2,"minecraft:oak_door":5,"minecraft:nether_bricks":3,"minecraft:decorated_pot":51,"minecraft:spruce_leaves":31,"minecraft:hay_block":8,"minecraft:waxed_oxidized_cut_copper":2,"minecraft:furnace":10,"minecraft:carrots":16,"minecraft:waxed_copper_grate":1,"minecraft:andesite":44,"minecraft:chiseled_tuff":3,"minecraft:nether_brick_fence":1,"minecraft:potatoes":3,"minecraft:packed_ice":13,"minecraft:stone":297,"minecraft:white_wool":4,"minecraft:glass_pane":6,"minecraft:stone_brick_slab":1,"minecraft:oak_fence":4,"minecraft:crafting_table":8,"minecraft:short_grass":45,"minecraft:warped_roots":1,"minecraft:tall_grass":11,"minecraft:copper_ore":1,"minecraft:diorite":23,"minecraft:black_stained_glass":1,"minecraft:waxed_oxidized_copper_grate":3,"minecraft:sweet_berry_bush":24,"minecraft:ice":2,"minecraft:spruce_log":175,"minecraft:birch_leaves":4,"minecraft:coal_ore":126,"minecraft:dripstone_block":2,"minecraft:mossy_stone_bricks":2},"minecraft:picked_up":{"minecraft:diamond_sword":1,"minecraft:enchanted_book":2,"minecraft:stone_brick_stairs":1,"minecraft:string":5,"minecraft:raw_copper":5,"minecraft:diamond_leggings":1,"minecraft:cobbled_deepslate":88,"minecraft:trial_key":8,"minecraft:ender_eye":1,"minecraft:furnace":10,"minecraft:tipped_arrow":12,"minecraft:stick":17,"minecraft:oak_fence":4,"minecraft:porkchop":48,"minecraft:waxed_copper_grate":1,"minecraft:diorite":23,"minecraft:stone_sword":1,"minecraft:honey_bottle":5,"minecraft:rotten_flesh":23,"minecraft:obsidian":12,"minecraft:cobblestone":304,"minecraft:birch_log":2,"minecraft:feather":10,"minecraft:iron_door":1,"minecraft:andesite":46,"minecraft:potato":7,"minecraft:map":1,"minecraft:dirt":34,"minecraft:bone":17,"minecraft:bow":1,"minecraft:wheat_seeds":14,"minecraft:guster_banner_pattern":1,"minecraft:diamond_helmet":1,"minecraft:mossy_stone_bricks":1,"minecraft:oak_planks":94,"minecraft:scrape_pottery_sherd":5,"minecraft:cooked_porkchop":11,"minecraft:sand":82,"minecraft:diamond_block":1,"minecraft:mossy_cobblestone":2,"minecraft:diamond":3,"minecraft:waxed_oxidized_copper_grate":2,"minecraft:crossbow":1,"minecraft:breeze_rod":2,"minecraft:golden_apple":3,"minecraft:bread":6,"minecraft:emerald":47,"minecraft:music_disc_precipice":1,"minecraft:oak_sapling":3,"minecraft:netherrack":175,"minecraft:diamond_pickaxe":1,"minecraft:lingering_potion":1,"minecraft:waxed_oxidized_cut_copper":1,"minecraft:crafting_table":8,"minecraft:ominous_bottle":1,"minecraft:chicken":8,"minecraft:brick":142,"minecraft:wind_charge":5,"minecraft:beef":26,"minecraft:oak_boat":1,"minecraft:chiseled_tuff":3,"minecraft:light_gray_wool":3,"minecraft:guster_pottery_sherd":2,"minecraft:sugar_cane":22,"minecraft:birch_sapling":2,"minecraft:egg":1,"minecraft:raw_iron":18,"minecraft:oak_door":5,"minecraft:flow_pottery_sherd":4,"minecraft:cookie":1,"minecraft:trident":2,"minecraft:carrot":49,"minecraft:dark_oak_planks":5,"minecraft:arrow":48,"minecraft:diamond_chestplate":1,"minecraft:decorated_pot":18,"minecraft:nether_bricks":1,"minecraft:diamond_boots":1,"minecraft:hay_block":8,"minecraft:totem_of_undying":1,"minecraft:saddle":1,"minecraft:tuff_bricks":31,"minecraft:mutton":158,"minecraft:white_wool":87,"minecraft:leather":10,"minecraft:waxed_copper_bulb":1,"minecraft:oak_log":145,"minecraft:waxed_copper_block":3,"minecraft:lily_pad":25,"minecraft:gunpowder":2,"minecraft:white_banner":1,"minecraft:cooked_mutton":50,"minecraft:red_carpet":14,"minecraft:oak_fence_gate":1,"minecraft:iron_ingot":28,"minecraft:stone_pickaxe":1,"minecraft:cooked_chicken":1,"minecraft:sweet_berries":58,"minecraft:stone_brick_slab":1,"minecraft:dripstone_block":2,"minecraft:spruce_sapling":23,"minecraft:spruce_log":170,"minecraft:white_bed":1,"minecraft:polished_tuff":1,"minecraft:crying_obsidian":2,"minecraft:spider_eye":2,"minecraft:stone_axe":2,"minecraft:iron_helmet":2,"minecraft:diamond_axe":1,"minecraft:warped_roots":7,"minecraft:baked_potato":1,"minecraft:warped_nylium":2,"minecraft:black_wool":4,"minecraft:coal":194,"minecraft:chiseled_tuff_bricks":1,"minecraft:wooden_axe":1,"minecraft:ender_pearl":6}},"DataVersion":3953}