{"stats":{"minecraft:crafted":{"minecraft:iron_chestplate":1,"minecraft:iron_boots":1,"minecraft:cooked_porkchop":13,"minecraft:crafting_table":1,"minecraft:stick":56,"minecraft:iron_pickaxe":1,"minecraft:iron_helmet":1,"minecraft:iron_ingot":29,"minecraft:wooden_pickaxe":1,"minecraft:stone_pickaxe":1,"minecraft:wooden_axe":1,"minecraft:iron_sword":1,"minecraft:iron_leggings":1,"minecraft:furnace":3,"minecraft:birch_planks":136,"minecraft:stone_axe":1,"minecraft:air":0,"minecraft:cooked_mutton":10},"minecraft:custom":{"minecraft:time_since_rest":37400,"minecraft:interact_with_furnace":41,"minecraft:sprint_one_cm":163712,"minecraft:damage_taken":553,"minecraft:walk_one_cm":73393,"minecraft:mob_kills":34,"minecraft:drop":4,"minecraft:damage_dealt":3492,"minecraft:interact_with_crafting_table":18,"minecraft:swim_one_cm":35547,"minecraft:fly_one_cm":188712,"minecraft:open_chest":2,"minecraft:crouch_one_cm":618,"minecraft:play_time":40117,"minecraft:deaths":1,"minecraft:sneak_time":359,"minecraft:walk_under_water_one_cm":5952,"minecraft:jump":1171,"minecraft:walk_on_water_one_cm":13563,"minecraft:time_since_death":37368,"minecraft:total_world_time":40117,"minecraft:fall_one_cm":33998},"minecraft:mined":{"minecraft:furnace":5,"minecraft:sweet_berry_bush":3,"minecraft:iron_ore":36,"minecraft:birch_log":34,"minecraft:birch_leaves":1,"minecraft:crafting_table":4,"minecraft:short_grass":3,"minecraft:grass_block":3,"minecraft:coal_ore":61,"minecraft:dirt":10,"minecraft:spruce_leaves":1,"minecraft:stone":81,"minecraft:oak_leaves":2},"minecraft:picked_up":{"minecraft:birch_log":34,"minecraft:raw_iron":36,"minecraft:crafting_table":4,"minecraft:cooked_porkchop":2,"minecraft:sweet_berries":5,"minecraft:porkchop":51,"minecraft:dirt":13,"minecraft:rotten_flesh":2,"minecraft:light_gray_wool":3,"minecraft:black_wool":1,"minecraft:mutton":15,"minecraft:birch_sapling":1,"minecraft:coal":102,"minecraft:white_wool":6,"minecraft:cobblestone":81,"minecraft:furnace":5},"minecraft:dropped":{"minecraft:wooden_axe":1,"minecraft:birch_sapling":1,"minecraft:rotten_flesh":2,"minecraft:wooden_pickaxe":1},"minecraft:killed_by":{"minecraft:player":1},"minecraft:broken":{"minecraft:stone_pickaxe":1},"minecraft:killed":{"minecraft:sheep":10,"minecraft:zombie":1,"minecraft:pig":23},"minecraft:used":{"minecraft:cooked_mutton":5,"minecraft:wooden_axe":33,"minecraft:stone_pickaxe":131,"minecraft:iron_pickaxe":58,"minecraft:wooden_pickaxe":7,"minecraft:iron_sword":58,"minecraft:stone_axe":13,"minecraft:dirt":8,"minecraft:crafting_table":4,"minecraft:furnace":5,"minecraft:cooked_porkchop":3}},"DataVersion":3953}