{"stats":{"minecraft:dropped":{"minecraft:wheat_seeds":9,"minecraft:ominous_bottle":1,"minecraft:glass_bottle":2,"minecraft:cobblestone":33,"minecraft:saddle":1,"minecraft:diorite":15,"minecraft:scrape_pottery_sherd":4,"minecraft:wooden_axe":4,"minecraft:bolt_armor_trim_smithing_template":1,"minecraft:stone_axe":4,"minecraft:flow_pottery_sherd":3,"minecraft:cobbled_deepslate":17,"minecraft:guster_banner_pattern":1,"minecraft:birch_sapling":1,"minecraft:stone_shovel":1,"minecraft:rotten_flesh":17,"minecraft:leather_chestplate":1,"minecraft:trial_key":3,"minecraft:andesite":44,"minecraft:oak_sapling":2,"minecraft:leather_leggings":2,"minecraft:spider_eye":1,"minecraft:bow":1,"minecraft:glass":1,"minecraft:stone_pickaxe":3,"minecraft:wooden_pickaxe":2,"minecraft:brick":97},"minecraft:used":{"minecraft:tuff_bricks":42,"minecraft:trident":1,"minecraft:chiseled_tuff":3,"minecraft:stone_shovel":87,"minecraft:decorated_pot":18,"minecraft:chest":2,"minecraft:shield":17,"minecraft:cooked_chicken":1,"minecraft:trial_key":5,"minecraft:oak_door":3,"minecraft:dirt":4,"minecraft:waxed_copper_grate":1,"minecraft:tuff":1,"minecraft:honey_bottle":4,"minecraft:glass":79,"minecraft:wooden_axe":25,"minecraft:iron_axe":186,"minecraft:golden_carrot":1,"minecraft:sweet_berries":21,"minecraft:furnace":14,"minecraft:cooked_mutton":30,"minecraft:water_bucket":3,"minecraft:diorite":1,"minecraft:baked_potato":1,"minecraft:stone_pickaxe":109,"minecraft:oak_planks":209,"minecraft:waxed_oxidized_cut_copper":1,"minecraft:wooden_pickaxe":7,"minecraft:diamond_axe":302,"minecraft:waxed_copper_block":2,"minecraft:white_wool":23,"minecraft:sand":2,"minecraft:crafting_table":8,"minecraft:crossbow":19,"minecraft:white_bed":1,"minecraft:lingering_potion":1,"minecraft:polished_tuff":2,"minecraft:oak_log":6,"minecraft:diamond_pickaxe":368,"minecraft:black_wool":2,"minecraft:chicken":1,"minecraft:wind_charge":16,"minecraft:bread":3,"minecraft:iron_pickaxe":83,"minecraft:spruce_sapling":23,"minecraft:chiseled_tuff_bricks":1,"minecraft:stone_axe":104,"minecraft:cobblestone":4,"minecraft:cooked_porkchop":4,"minecraft:porkchop":1,"minecraft:bucket":3,"minecraft:waxed_copper_bulb":1,"minecraft:splash_potion":4},"minecraft:crafted":{"minecraft:oak_door":3,"minecraft:oak_planks":364,"minecraft:stone_shovel":1,"minecraft:furnace":4,"minecraft:cooked_mutton":22,"minecraft:glass":80,"minecraft:iron_boots":1,"minecraft:iron_axe":1,"minecraft:stone_pickaxe":2,"minecraft:chest":2,"minecraft:cooked_porkchop":4,"minecraft:crafting_table":2,"minecraft:wooden_pickaxe":2,"minecraft:iron_helmet":1,"minecraft:stone_axe":2,"minecraft:air":0,"minecraft:iron_chestplate":1,"minecraft:shield":1,"minecraft:stick":64,"minecraft:iron_ingot":21,"minecraft:iron_pickaxe":1,"minecraft:wooden_axe":2,"minecraft:iron_leggings":1},"minecraft:picked_up":{"minecraft:wooden_axe":1,"minecraft:waxed_oxidized_cut_copper":1,"minecraft:crafting_table":7,"minecraft:ominous_bottle":1,"minecraft:chicken":1,"minecraft:enchanted_book":2,"minecraft:brick":97,"minecraft:wind_charge":5,"minecraft:string":2,"minecraft:raw_copper":5,"minecraft:cobbled_deepslate":81,"minecraft:trial_key":8,"minecraft:chiseled_tuff":3,"minecraft:light_gray_wool":1,"minecraft:sugar_cane":22,"minecraft:birch_sapling":1,"minecraft:furnace":10,"minecraft:tipped_arrow":11,"minecraft:raw_iron":6,"minecraft:stick":17,"minecraft:porkchop":19,"minecraft:flow_pottery_sherd":3,"minecraft:waxed_copper_grate":1,"minecraft:diorite":16,"minecraft:trident":1,"minecraft:arrow":32,"minecraft:honey_bottle":5,"minecraft:rotten_flesh":19,"minecraft:decorated_pot":18,"minecraft:hay_block":8,"minecraft:tuff_bricks":28,"minecraft:mutton":65,"minecraft:white_wool":43,"minecraft:cobblestone":269,"minecraft:andesite":44,"minecraft:waxed_copper_bulb":1,"minecraft:oak_log":145,"minecraft:waxed_copper_block":2,"minecraft:dirt":9,"minecraft:cooked_mutton":26,"minecraft:bone":7,"minecraft:bow":1,"minecraft:wheat_seeds":9,"minecraft:stone_pickaxe":1,"minecraft:iron_ingot":23,"minecraft:cooked_chicken":1,"minecraft:guster_banner_pattern":1,"minecraft:oak_planks":86,"minecraft:scrape_pottery_sherd":4,"minecraft:sweet_berries":21,"minecraft:dripstone_block":2,"minecraft:sand":82,"minecraft:spruce_sapling":23,"minecraft:white_bed":1,"minecraft:spruce_log":170,"minecraft:diamond_block":1,"minecraft:polished_tuff":1,"minecraft:spider_eye":1,"minecraft:stone_axe":2,"minecraft:breeze_rod":2,"minecraft:crossbow":1,"minecraft:diamond_axe":1,"minecraft:golden_apple":1,"minecraft:emerald":24,"minecraft:bread":6,"minecraft:music_disc_precipice":1,"minecraft:baked_potato":1,"minecraft:oak_sapling":2,"minecraft:black_wool":2,"minecraft:coal":150,"minecraft:chiseled_tuff_bricks":1,"minecraft:diamond_pickaxe":1},"minecraft:mined":{"minecraft:white_bed":1,"minecraft:grass_block":3,"minecraft:decorated_pot":37,"minecraft:spruce_leaves":24,"minecraft:chiseled_tuff_bricks":1,"minecraft:tuff_bricks":35,"minecraft:hay_block":8,"minecraft:waxed_oxidized_cut_copper":2,"minecraft:furnace":10,"minecraft:waxed_copper_grate":1,"minecraft:iron_ore":3,"minecraft:polished_tuff":1,"minecraft:andesite":44,"minecraft:chiseled_tuff":3,"minecraft:stone":266,"minecraft:white_wool":4,"minecraft:crafting_table":7,"minecraft:short_grass":7,"minecraft:glass":1,"minecraft:tall_grass":3,"minecraft:copper_ore":1,"minecraft:cobblestone":3,"minecraft:oak_planks":11,"minecraft:sugar_cane":11,"minecraft:diorite":16,"minecraft:waxed_copper_bulb":1,"minecraft:sweet_berry_bush":8,"minecraft:spruce_log":175,"minecraft:birch_leaves":1,"minecraft:waxed_copper_block":2,"minecraft:coal_ore":82,"minecraft:oak_log":145,"minecraft:dirt":6,"minecraft:dripstone_block":2,"minecraft:sand":87,"minecraft:oak_leaves":9,"minecraft:deepslate":85},"minecraft:custom":{"minecraft:mob_kills":89,"minecraft:interact_with_crafting_table":34,"minecraft:open_barrel":20,"minecraft:bell_ring":2,"minecraft:leave_game":1,"minecraft:time_since_death":155576,"minecraft:climb_one_cm":6069,"minecraft:sprint_one_cm":697991,"minecraft:walk_one_cm":415242,"minecraft:damage_blocked_by_shield":245,"minecraft:drop":52,"minecraft:play_time":155576,"minecraft:sneak_time":3183,"minecraft:walk_under_water_one_cm":12756,"minecraft:jump":3166,"minecraft:walk_on_water_one_cm":32614,"minecraft:total_world_time":155576,"minecraft:interact_with_furnace":109,"minecraft:sleep_in_bed":2,"minecraft:time_since_rest":92847,"minecraft:damage_taken":2050,"minecraft:damage_dealt":11037,"minecraft:swim_one_cm":37158,"minecraft:fly_one_cm":674813,"minecraft:open_chest":73,"minecraft:crouch_one_cm":12019,"minecraft:fall_one_cm":84292,"minecraft:inspect_dispenser":29,"minecraft:horse_one_cm":6228},"minecraft:killed":{"minecraft:bogged":6,"minecraft:spider":6,"minecraft:skeleton":2,"minecraft:chicken":1,"minecraft:husk":3,"minecraft:pig":10,"minecraft:iron_golem":1,"minecraft:sheep":43,"minecraft:zombie":13,"minecraft:breeze":3}},"DataVersion":3953}