{"stats":{"minecraft:crafted":{"minecraft:oak_planks":48,"minecraft:iron_axe":1,"minecraft:crafting_table":1,"minecraft:stick":36,"minecraft:iron_ingot":8,"minecraft:wooden_pickaxe":1,"minecraft:iron_pickaxe":1,"minecraft:stone_pickaxe":1,"minecraft:furnace":2,"minecraft:air":0,"minecraft:bread":132,"minecraft:wheat":396},"minecraft:used":{"minecraft:iron_axe":142,"minecraft:stone_pickaxe":96,"minecraft:bread":11,"minecraft:iron_pickaxe":30,"minecraft:wooden_pickaxe":5,"minecraft:leather_helmet":1,"minecraft:leather_chestplate":1,"minecraft:torch":1,"minecraft:dirt":5,"minecraft:cobblestone":10,"minecraft:hay_block":1,"minecraft:crafting_table":3,"minecraft:furnace":2,"minecraft:oak_sapling":1,"minecraft:egg":2},"minecraft:mined":{"minecraft:hay_block":46,"minecraft:furnace":2,"minecraft:iron_ore":12,"minecraft:crafting_table":3,"minecraft:short_grass":3,"minecraft:oak_log":141,"minecraft:coal_ore":66,"minecraft:dirt":5,"minecraft:stone":50,"minecraft:oak_leaves":18,"minecraft:wall_torch":1},"minecraft:dropped":{"minecraft:stone_pickaxe":1,"minecraft:wooden_pickaxe":1},"minecraft:picked_up":{"minecraft:crafting_table":3,"minecraft:stick":2,"minecraft:raw_iron":12,"minecraft:torch":1,"minecraft:oak_log":140,"minecraft:dirt":5,"minecraft:hay_block":45,"minecraft:oak_sapling":1,"minecraft:coal":121,"minecraft:furnace":2,"minecraft:cobblestone":47,"minecraft:egg":3},"minecraft:custom":{"minecraft:time_since_rest":31192,"minecraft:interact_with_furnace":9,"minecraft:sprint_one_cm":99375,"minecraft:damage_taken":451,"minecraft:walk_one_cm":69382,"minecraft:mob_kills":1,"minecraft:drop":2,"minecraft:damage_dealt":205,"minecraft:swim_one_cm":27865,"minecraft:interact_with_crafting_table":8,"minecraft:fly_one_cm":120232,"minecraft:open_chest":3,"minecraft:crouch_one_cm":1700,"minecraft:play_time":31192,"minecraft:sneak_time":454,"minecraft:bell_ring":1,"minecraft:walk_under_water_one_cm":7543,"minecraft:jump":658,"minecraft:leave_game":1,"minecraft:walk_on_water_one_cm":6331,"minecraft:time_since_death":31192,"minecraft:total_world_time":31192,"minecraft:fall_one_cm":15787}},"DataVersion":3953}