{"stats":{"minecraft:picked_up":{"minecraft:crafting_table":4,"minecraft:raw_iron":1,"minecraft:sweet_berries":21,"minecraft:porkchop":7,"minecraft:oak_log":41,"minecraft:diorite":1,"minecraft:spider_eye":1,"minecraft:stone_pickaxe":1,"minecraft:mutton":2,"minecraft:coal":41,"minecraft:white_wool":1,"minecraft:cobblestone":78,"minecraft:furnace":2},"minecraft:used":{"minecraft:wooden_axe":22,"minecraft:diorite":1,"minecraft:stone_pickaxe":100,"minecraft:wooden_pickaxe":7,"minecraft:stone_axe":52,"minecraft:crafting_table":4,"minecraft:furnace":2,"minecraft:cooked_porkchop":2},"minecraft:custom":{"minecraft:time_since_rest":14172,"minecraft:interact_with_furnace":10,"minecraft:sprint_one_cm":59705,"minecraft:walk_one_cm":31397,"minecraft:damage_taken":190,"minecraft:mob_kills":7,"minecraft:drop":7,"minecraft:damage_dealt":835,"minecraft:swim_one_cm":454,"minecraft:interact_with_crafting_table":9,"minecraft:fly_one_cm":27902,"minecraft:crouch_one_cm":330,"minecraft:play_time":14172,"minecraft:sneak_time":96,"minecraft:walk_under_water_one_cm":858,"minecraft:jump":255,"minecraft:time_since_death":14172,"minecraft:walk_on_water_one_cm":3842,"minecraft:total_world_time":14172,"minecraft:fall_one_cm":7378},"minecraft:mined":{"minecraft:furnace":2,"minecraft:iron_ore":1,"minecraft:sweet_berry_bush":7,"minecraft:crafting_table":4,"minecraft:oak_log":41,"minecraft:coal_ore":21,"minecraft:stone":78,"minecraft:diorite":1,"minecraft:oak_leaves":9},"minecraft:crafted":{"minecraft:oak_planks":72,"minecraft:cooked_porkchop":4,"minecraft:crafting_table":1,"minecraft:stick":24,"minecraft:wooden_pickaxe":2,"minecraft:stone_pickaxe":2,"minecraft:wooden_axe":2,"minecraft:furnace":2,"minecraft:stone_axe":2},"minecraft:dropped":{"minecraft:stone_axe":1,"minecraft:wooden_axe":2,"minecraft:stone_pickaxe":2,"minecraft:wooden_pickaxe":2},"minecraft:killed":{"minecraft:sheep":2,"minecraft:pig":2,"minecraft:spider":3}},"DataVersion":3953}