{"stats":{"minecraft:crafted":{"minecraft:iron_chestplate":1,"minecraft:iron_boots":1,"minecraft:cooked_porkchop":7,"minecraft:crafting_table":1,"minecraft:stick":56,"minecraft:iron_helmet":1,"minecraft:iron_ingot":26,"minecraft:wooden_pickaxe":1,"minecraft:stone_pickaxe":1,"minecraft:wooden_axe":1,"minecraft:iron_sword":1,"minecraft:iron_leggings":1,"minecraft:furnace":3,"minecraft:birch_planks":136,"minecraft:stone_axe":1,"minecraft:air":0,"minecraft:cooked_mutton":5},"minecraft:custom":{"minecraft:time_since_rest":25400,"minecraft:interact_with_furnace":32,"minecraft:sprint_one_cm":96681,"minecraft:damage_taken":463,"minecraft:walk_one_cm":58368,"minecraft:mob_kills":22,"minecraft:drop":4,"minecraft:damage_dealt":2332,"minecraft:interact_with_crafting_table":16,"minecraft:swim_one_cm":23797,"minecraft:fly_one_cm":107494,"minecraft:play_time":28117,"minecraft:deaths":1,"minecraft:sneak_time":1,"minecraft:walk_under_water_one_cm":996,"minecraft:jump":800,"minecraft:walk_on_water_one_cm":5875,"minecraft:time_since_death":25368,"minecraft:total_world_time":28117,"minecraft:fall_one_cm":22944},"minecraft:mined":{"minecraft:furnace":3,"minecraft:iron_ore":29,"minecraft:birch_log":34,"minecraft:birch_leaves":1,"minecraft:crafting_table":3,"minecraft:short_grass":1,"minecraft:grass_block":3,"minecraft:coal_ore":33,"minecraft:dirt":10,"minecraft:stone":60},"minecraft:picked_up":{"minecraft:birch_log":34,"minecraft:raw_iron":29,"minecraft:crafting_table":3,"minecraft:porkchop":22,"minecraft:dirt":13,"minecraft:rotten_flesh":2,"minecraft:light_gray_wool":2,"minecraft:black_wool":1,"minecraft:mutton":11,"minecraft:birch_sapling":1,"minecraft:coal":50,"minecraft:white_wool":5,"minecraft:cobblestone":60,"minecraft:furnace":3},"minecraft:dropped":{"minecraft:wooden_axe":1,"minecraft:birch_sapling":1,"minecraft:rotten_flesh":2,"minecraft:wooden_pickaxe":1},"minecraft:killed_by":{"minecraft:player":1},"minecraft:broken":{"minecraft:stone_pickaxe":1},"minecraft:killed":{"minecraft:sheep":8,"minecraft:zombie":1,"minecraft:pig":13},"minecraft:used":{"minecraft:cooked_mutton":5,"minecraft:wooden_axe":33,"minecraft:stone_pickaxe":131,"minecraft:wooden_pickaxe":7,"minecraft:iron_sword":24,"minecraft:stone_axe":12,"minecraft:dirt":5,"minecraft:crafting_table":3,"minecraft:furnace":3}},"DataVersion":3953}