{"stats":{"minecraft:crafted":{"minecraft:cooked_porkchop":13,"minecraft:crafting_table":2,"minecraft:wooden_pickaxe":1,"minecraft:birch_boat":1,"minecraft:iron_helmet":1,"minecraft:iron_sword":1,"minecraft:furnace":3,"minecraft:birch_planks":136,"minecraft:stone_axe":1,"minecraft:bread":48,"minecraft:cooked_mutton":10,"minecraft:air":0,"minecraft:iron_boots":1,"minecraft:iron_chestplate":1,"minecraft:shield":1,"minecraft:stick":56,"minecraft:iron_ingot":33,"minecraft:iron_pickaxe":1,"minecraft:stone_pickaxe":1,"minecraft:wooden_axe":1,"minecraft:iron_leggings":1,"minecraft:wheat":144},"minecraft:custom":{"minecraft:interact_with_furnace":47,"minecraft:mob_kills":53,"minecraft:interact_with_crafting_table":22,"minecraft:bell_ring":4,"minecraft:time_since_death":67368,"minecraft:sleep_in_bed":1,"minecraft:time_since_rest":23887,"minecraft:sprint_one_cm":246148,"minecraft:walk_one_cm":124991,"minecraft:damage_taken":1239,"minecraft:damage_absorbed":40,"minecraft:damage_blocked_by_shield":355,"minecraft:drop":7,"minecraft:damage_dealt":6655,"minecraft:talked_to_villager":1,"minecraft:swim_one_cm":37659,"minecraft:fly_one_cm":313125,"minecraft:open_chest":8,"minecraft:crouch_one_cm":5201,"minecraft:play_time":70117,"minecraft:deaths":1,"minecraft:sneak_time":1484,"minecraft:walk_under_water_one_cm":12811,"minecraft:boat_one_cm":24122,"minecraft:jump":1962,"minecraft:walk_on_water_one_cm":33596,"minecraft:total_world_time":70117,"minecraft:fall_one_cm":60413},"minecraft:mined":{"minecraft:deepslate_redstone_ore":2,"minecraft:tuff":6,"minecraft:deepslate_diamond_ore":22,"minecraft:crafting_table":6,"minecraft:short_grass":4,"minecraft:grass_block":11,"minecraft:lapis_ore":1,"minecraft:spruce_leaves":1,"minecraft:deepslate_gold_ore":7,"minecraft:hay_block":33,"minecraft:furnace":8,"minecraft:birch_log":34,"minecraft:iron_ore":59,"minecraft:sweet_berry_bush":4,"minecraft:birch_leaves":1,"minecraft:deepslate_lapis_ore":4,"minecraft:coal_ore":63,"minecraft:deepslate_iron_ore":15,"minecraft:gravel":3,"minecraft:dirt":17,"minecraft:stone":84,"minecraft:oak_leaves":2,"minecraft:deepslate":25},"minecraft:picked_up":{"minecraft:birch_log":34,"minecraft:crafting_table":6,"minecraft:glow_ink_sac":3,"minecraft:flint":1,"minecraft:tuff":10,"minecraft:string":2,"minecraft:lapis_lazuli":34,"minecraft:dirt":25,"minecraft:bone":11,"minecraft:bow":1,"minecraft:cobbled_deepslate":31,"minecraft:raw_gold":7,"minecraft:light_gray_wool":3,"minecraft:birch_sapling":1,"minecraft:furnace":8,"minecraft:raw_iron":72,"minecraft:cooked_porkchop":2,"minecraft:birch_boat":1,"minecraft:sweet_berries":5,"minecraft:gravel":2,"minecraft:porkchop":51,"minecraft:redstone":10,"minecraft:spider_eye":1,"minecraft:arrow":2,"minecraft:rotten_flesh":2,"minecraft:diamond":22,"minecraft:hay_block":33,"minecraft:black_wool":1,"minecraft:mutton":16,"minecraft:coal":105,"minecraft:white_wool":7,"minecraft:cobblestone":84},"minecraft:killed_by":{"minecraft:player":1},"minecraft:dropped":{"minecraft:glow_ink_sac":3,"minecraft:tuff":5,"minecraft:birch_sapling":1,"minecraft:rotten_flesh":2,"minecraft:wooden_axe":1,"minecraft:wooden_pickaxe":1},"minecraft:broken":{"minecraft:stone_pickaxe":1},"minecraft:killed":{"minecraft:cave_spider":1,"minecraft:pig":23,"minecraft:zombie_villager":1,"minecraft:spider":2,"minecraft:sheep":11,"minecraft:skeleton":8,"minecraft:zombie":6},"minecraft:used":{"minecraft:cooked_mutton":5,"minecraft:stone_pickaxe":131,"minecraft:shield":16,"minecraft:wooden_pickaxe":7,"minecraft:birch_boat":2,"minecraft:iron_sword":170,"minecraft:golden_apple":1,"minecraft:dirt":25,"minecraft:crafting_table":6,"minecraft:tuff":4,"minecraft:wooden_axe":33,"minecraft:bread":13,"minecraft:iron_pickaxe":175,"minecraft:gravel":2,"minecraft:stone_axe":15,"minecraft:sweet_berries":5,"minecraft:furnace":8,"minecraft:cooked_porkchop":4,"minecraft:cobbled_deepslate":24}},"DataVersion":3953}