{"stats":{"minecraft:used":{"minecraft:peony":3,"minecraft:stone_sword":72,"minecraft:chest":1,"minecraft:shield":41,"minecraft:iron_sword":174,"minecraft:wooden_shovel":59,"minecraft:cooked_salmon":10,"minecraft:netherrack":43,"minecraft:torch":21,"minecraft:dirt":98,"minecraft:warped_wart_block":5,"minecraft:twisting_vines":2,"minecraft:carrot":1,"minecraft:wooden_axe":46,"minecraft:iron_boots":1,"minecraft:furnace":4,"minecraft:cooked_beef":5,"minecraft:pumpkin":1,"minecraft:golden_boots":1,"minecraft:cooked_mutton":12,"minecraft:warped_stem":7,"minecraft:birch_planks":32,"minecraft:stone_pickaxe":68,"minecraft:birch_wood":2,"minecraft:wooden_pickaxe":15,"minecraft:brown_mushroom":1,"minecraft:crafting_table":2,"minecraft:iron_pickaxe":98,"minecraft:stone_axe":5,"minecraft:wooden_sword":40,"minecraft:cobblestone":10,"minecraft:cooked_porkchop":14,"minecraft:bone_meal":1},"minecraft:picked_up":{"minecraft:iron_chestplate":2,"minecraft:nether_wart":2,"minecraft:brown_mushroom":1,"minecraft:shield":2,"minecraft:string":6,"minecraft:cooked_salmon":3,"minecraft:iron_leggings":1,"minecraft:gold_nugget":15,"minecraft:cobbled_deepslate":10,"minecraft:beef":11,"minecraft:wooden_shovel":1,"minecraft:poppy":3,"minecraft:iron_pickaxe":1,"minecraft:birch_sapling":2,"minecraft:iron_boots":1,"minecraft:furnace":1,"minecraft:golden_helmet":1,"minecraft:stick":2,"minecraft:raw_iron":21,"minecraft:torch":2,"minecraft:porkchop":6,"minecraft:carrot":1,"minecraft:arrow":5,"minecraft:stone_sword":3,"minecraft:rotten_flesh":8,"minecraft:peony":3,"minecraft:nether_bricks":27,"minecraft:gold_ingot":1,"minecraft:mutton":15,"minecraft:white_wool":8,"minecraft:cobblestone":46,"minecraft:birch_log":69,"minecraft:magma_cream":1,"minecraft:salmon":9,"minecraft:leather":9,"minecraft:brown_wool":1,"minecraft:golden_leggings":1,"minecraft:birch_planks":8,"minecraft:tuff":3,"minecraft:golden_boots":2,"minecraft:dirt":159,"minecraft:stripped_birch_log":3,"minecraft:twisting_vines":14,"minecraft:cooked_mutton":2,"minecraft:bone":7,"minecraft:wheat_seeds":1,"minecraft:warped_stem":10,"minecraft:stone_pickaxe":2,"minecraft:iron_ingot":4,"minecraft:iron_sword":2,"minecraft:cooked_porkchop":45,"minecraft:pumpkin":3,"minecraft:warped_wart_block":7,"minecraft:ink_sac":2,"minecraft:spider_eye":5,"minecraft:stone_axe":1,"minecraft:iron_helmet":1,"minecraft:bone_meal":2,"minecraft:gray_wool":1,"minecraft:warped_roots":9,"minecraft:coal":16,"minecraft:netherrack":55,"minecraft:ender_pearl":3},"minecraft:dropped":{"minecraft:iron_ingot":5,"minecraft:wheat_seeds":1,"minecraft:cooked_porkchop":19,"minecraft:cobblestone":3,"minecraft:warped_roots":3,"minecraft:leather":7,"minecraft:dirt":1,"minecraft:torch":13,"minecraft:wooden_axe":2,"minecraft:cooked_salmon":1,"minecraft:stripped_birch_log":3,"minecraft:wooden_sword":2,"minecraft:pumpkin":2,"minecraft:white_wool":4,"minecraft:gold_ingot":1,"minecraft:stone_sword":2,"minecraft:cobbled_deepslate":10,"minecraft:twisting_vines":8,"minecraft:tuff":3,"minecraft:birch_sapling":2,"minecraft:rotten_flesh":7,"minecraft:poppy":1,"minecraft:wooden_shovel":1,"minecraft:stone_pickaxe":1},"minecraft:killed":{"minecraft:spider":2,"minecraft:skeleton":2,"minecraft:drowned":1,"minecraft:magma_cube":10,"minecraft:pig":2,"minecraft:salmon":8,"minecraft:sheep":9,"minecraft:zombie":4,"minecraft:wither_skeleton":3,"minecraft:cow":7,"minecraft:enderman":4},"minecraft:custom":{"minecraft:mob_kills":56,"minecraft:interact_with_crafting_table":28,"minecraft:leave_game":5,"minecraft:time_since_death":49936,"minecraft:climb_one_cm":2111,"minecraft:sprint_one_cm":568239,"minecraft:walk_one_cm":625117,"minecraft:damage_blocked_by_shield":925,"minecraft:drop":70,"minecraft:play_time":162273,"minecraft:deaths":7,"minecraft:sneak_time":290,"minecraft:walk_under_water_one_cm":14327,"minecraft:jump":2474,"minecraft:walk_on_water_one_cm":16467,"minecraft:total_world_time":162273,"minecraft:interact_with_furnace":74,"minecraft:sleep_in_bed":1,"minecraft:time_since_rest":23724,"minecraft:damage_taken":4894,"minecraft:damage_dealt":5585,"minecraft:swim_one_cm":29186,"minecraft:fly_one_cm":224128,"minecraft:open_chest":33,"minecraft:crouch_one_cm":636,"minecraft:fall_one_cm":64005},"minecraft:mined":{"minecraft:nether_gold_ore":5,"minecraft:tuff":2,"minecraft:stripped_birch_log":1,"minecraft:nether_bricks":25,"minecraft:grass_block":109,"minecraft:nether_wart":10,"minecraft:tall_seagrass":7,"minecraft:furnace":1,"minecraft:nether_sprouts":3,"minecraft:iron_ore":20,"minecraft:pumpkin":3,"minecraft:peony":5,"minecraft:twisting_vines":1,"minecraft:warped_stem":9,"minecraft:stone":41,"minecraft:twisting_vines_plant":12,"minecraft:short_grass":24,"minecraft:poppy":1,"minecraft:warped_roots":2,"minecraft:tall_grass":2,"minecraft:cobblestone":3,"minecraft:warped_wart_block":8,"minecraft:seagrass":5,"minecraft:birch_planks":10,"minecraft:warped_nylium":31,"minecraft:birch_log":63,"minecraft:birch_leaves":2,"minecraft:coal_ore":18,"minecraft:dirt":43,"minecraft:netherrack":28,"minecraft:deepslate":6},"minecraft:killed_by":{"minecraft:spider":1,"minecraft:enderman":1,"minecraft:skeleton":1,"minecraft:zombie":1},"minecraft:crafted":{"minecraft:black_dye":2,"minecraft:wooden_sword":2,"minecraft:birch_wood":3,"minecraft:furnace":3,"minecraft:cooked_mutton":23,"minecraft:chest":1,"minecraft:cooked_beef":5,"minecraft:wooden_shovel":1,"minecraft:cooked_porkchop":6,"minecraft:crafting_table":3,"minecraft:wooden_pickaxe":1,"minecraft:cooked_salmon":12,"minecraft:birch_planks":212,"minecraft:stick":28,"minecraft:iron_ingot":5,"minecraft:wooden_axe":3,"minecraft:stone_sword":1,"minecraft:torch":32},"minecraft:broken":{"minecraft:wooden_shovel":1}},"DataVersion":3953}