{"stats":{"minecraft:picked_up":{"minecraft:wooden_axe":1,"minecraft:raw_iron":3,"minecraft:sweet_berries":2,"minecraft:leather_leggings":1,"minecraft:wooden_pickaxe":1,"minecraft:porkchop":1,"minecraft:oak_log":9,"minecraft:pointed_dripstone":1,"minecraft:white_bed":1,"minecraft:carrot":4,"minecraft:spider_eye":1,"minecraft:string":3,"minecraft:bone":1,"minecraft:oak_wood":7,"minecraft:arrow":1,"minecraft:stone_axe":1,"minecraft:wheat_seeds":11,"minecraft:stone_pickaxe":2,"minecraft:saddle":1,"minecraft:coal":6,"minecraft:cobblestone":29,"minecraft:furnace":2},"minecraft:used":{"minecraft:cooked_mutton":2,"minecraft:wooden_axe":11,"minecraft:stone_pickaxe":41,"minecraft:stone_axe":2,"minecraft:cobblestone":8,"minecraft:crafting_table":1,"minecraft:furnace":2,"minecraft:cooked_porkchop":4,"minecraft:oak_wood":3},"minecraft:custom":{"minecraft:time_since_rest":26567,"minecraft:interact_with_furnace":18,"minecraft:sprint_one_cm":89885,"minecraft:damage_taken":700,"minecraft:walk_one_cm":102594,"minecraft:mob_kills":2,"minecraft:drop":9,"minecraft:damage_dealt":443,"minecraft:swim_one_cm":4618,"minecraft:interact_with_crafting_table":2,"minecraft:fly_one_cm":28612,"minecraft:open_chest":2,"minecraft:crouch_one_cm":16,"minecraft:play_time":27708,"minecraft:deaths":1,"minecraft:sneak_time":24,"minecraft:walk_under_water_one_cm":951,"minecraft:jump":432,"minecraft:interact_with_blast_furnace":1,"minecraft:leave_game":1,"minecraft:time_since_death":26539,"minecraft:walk_on_water_one_cm":3886,"minecraft:total_world_time":27708,"minecraft:fall_one_cm":11899,"minecraft:horse_one_cm":35565},"minecraft:crafted":{"minecraft:oak_planks":4,"minecraft:cooked_porkchop":4,"minecraft:crafting_table":1,"minecraft:furnace":1,"minecraft:oak_wood":6,"minecraft:cooked_mutton":2},"minecraft:mined":{"minecraft:white_bed":1,"minecraft:carrots":3,"minecraft:furnace":2,"minecraft:wheat":8,"minecraft:iron_ore":3,"minecraft:sweet_berry_bush":3,"minecraft:oak_wood":2,"minecraft:short_grass":34,"minecraft:pointed_dripstone":1,"minecraft:oak_log":9,"minecraft:coal_ore":7,"minecraft:tall_grass":1,"minecraft:stone":29},"minecraft:dropped":{"minecraft:sweet_berries":2,"minecraft:wheat_seeds":4,"minecraft:wooden_axe":1,"minecraft:raw_iron":3,"minecraft:pointed_dripstone":1,"minecraft:spider_eye":1,"minecraft:wooden_pickaxe":1,"minecraft:stone_pickaxe":1},"minecraft:killed":{"minecraft:pig":2},"minecraft:killed_by":{"minecraft:player":1}},"DataVersion":3953}