{"stats":{"minecraft:used":{"minecraft:peony":3,"minecraft:stone_sword":72,"minecraft:chest":1,"minecraft:shield":32,"minecraft:iron_sword":63,"minecraft:wooden_shovel":59,"minecraft:cooked_salmon":10,"minecraft:netherrack":41,"minecraft:torch":21,"minecraft:dirt":83,"minecraft:warped_wart_block":5,"minecraft:twisting_vines":2,"minecraft:carrot":1,"minecraft:wooden_axe":46,"minecraft:iron_boots":1,"minecraft:furnace":4,"minecraft:cooked_beef":2,"minecraft:pumpkin":1,"minecraft:golden_boots":1,"minecraft:cooked_mutton":12,"minecraft:warped_stem":7,"minecraft:birch_planks":32,"minecraft:stone_pickaxe":30,"minecraft:birch_wood":2,"minecraft:wooden_pickaxe":15,"minecraft:brown_mushroom":1,"minecraft:crafting_table":2,"minecraft:iron_pickaxe":98,"minecraft:stone_axe":1,"minecraft:wooden_sword":40,"minecraft:cobblestone":10,"minecraft:cooked_porkchop":5,"minecraft:bone_meal":1},"minecraft:picked_up":{"minecraft:iron_chestplate":2,"minecraft:brown_mushroom":1,"minecraft:shield":2,"minecraft:string":6,"minecraft:cooked_salmon":3,"minecraft:iron_leggings":1,"minecraft:cobbled_deepslate":10,"minecraft:beef":11,"minecraft:wooden_shovel":1,"minecraft:poppy":3,"minecraft:iron_pickaxe":1,"minecraft:birch_sapling":2,"minecraft:iron_boots":1,"minecraft:furnace":1,"minecraft:stick":2,"minecraft:raw_iron":21,"minecraft:torch":2,"minecraft:porkchop":6,"minecraft:carrot":1,"minecraft:arrow":5,"minecraft:stone_sword":1,"minecraft:rotten_flesh":8,"minecraft:peony":3,"minecraft:mutton":15,"minecraft:white_wool":8,"minecraft:cobblestone":46,"minecraft:birch_log":69,"minecraft:salmon":9,"minecraft:leather":9,"minecraft:brown_wool":1,"minecraft:golden_leggings":1,"minecraft:birch_planks":7,"minecraft:tuff":3,"minecraft:golden_boots":1,"minecraft:dirt":158,"minecraft:stripped_birch_log":3,"minecraft:twisting_vines":10,"minecraft:cooked_mutton":2,"minecraft:bone":2,"minecraft:wheat_seeds":1,"minecraft:warped_stem":7,"minecraft:stone_pickaxe":2,"minecraft:iron_ingot":4,"minecraft:iron_sword":2,"minecraft:cooked_porkchop":37,"minecraft:pumpkin":3,"minecraft:warped_wart_block":5,"minecraft:ink_sac":2,"minecraft:spider_eye":5,"minecraft:stone_axe":1,"minecraft:iron_helmet":1,"minecraft:bone_meal":2,"minecraft:gray_wool":1,"minecraft:warped_roots":3,"minecraft:coal":16,"minecraft:netherrack":46,"minecraft:ender_pearl":1},"minecraft:dropped":{"minecraft:iron_ingot":5,"minecraft:wheat_seeds":1,"minecraft:cooked_porkchop":11,"minecraft:cobblestone":3,"minecraft:warped_roots":3,"minecraft:leather":7,"minecraft:torch":13,"minecraft:wooden_axe":2,"minecraft:cooked_salmon":1,"minecraft:stripped_birch_log":3,"minecraft:wooden_sword":2,"minecraft:pumpkin":2,"minecraft:white_wool":4,"minecraft:stone_sword":2,"minecraft:cobbled_deepslate":10,"minecraft:twisting_vines":8,"minecraft:tuff":3,"minecraft:birch_sapling":2,"minecraft:rotten_flesh":7,"minecraft:poppy":1,"minecraft:wooden_shovel":1,"minecraft:stone_pickaxe":1},"minecraft:killed":{"minecraft:spider":2,"minecraft:skeleton":1,"minecraft:drowned":1,"minecraft:pig":2,"minecraft:salmon":8,"minecraft:sheep":9,"minecraft:zombie":4,"minecraft:cow":7,"minecraft:enderman":1},"minecraft:custom":{"minecraft:mob_kills":38,"minecraft:interact_with_crafting_table":28,"minecraft:leave_game":5,"minecraft:time_since_death":25936,"minecraft:climb_one_cm":1865,"minecraft:sprint_one_cm":448482,"minecraft:walk_one_cm":477168,"minecraft:damage_blocked_by_shield":650,"minecraft:drop":67,"minecraft:play_time":138273,"minecraft:deaths":7,"minecraft:sneak_time":290,"minecraft:walk_under_water_one_cm":14327,"minecraft:jump":2141,"minecraft:walk_on_water_one_cm":16467,"minecraft:total_world_time":138273,"minecraft:interact_with_furnace":74,"minecraft:time_since_rest":25970,"minecraft:damage_taken":3767,"minecraft:damage_dealt":3902,"minecraft:swim_one_cm":29186,"minecraft:fly_one_cm":191355,"minecraft:open_chest":19,"minecraft:crouch_one_cm":636,"minecraft:fall_one_cm":53926},"minecraft:mined":{"minecraft:tuff":2,"minecraft:stripped_birch_log":1,"minecraft:grass_block":109,"minecraft:tall_seagrass":7,"minecraft:furnace":1,"minecraft:nether_sprouts":3,"minecraft:iron_ore":20,"minecraft:pumpkin":3,"minecraft:peony":5,"minecraft:twisting_vines":1,"minecraft:warped_stem":7,"minecraft:stone":41,"minecraft:twisting_vines_plant":9,"minecraft:short_grass":24,"minecraft:poppy":1,"minecraft:warped_roots":1,"minecraft:tall_grass":2,"minecraft:cobblestone":3,"minecraft:warped_wart_block":6,"minecraft:seagrass":5,"minecraft:birch_planks":10,"minecraft:warped_nylium":28,"minecraft:birch_log":63,"minecraft:birch_leaves":2,"minecraft:coal_ore":18,"minecraft:dirt":42,"minecraft:netherrack":23,"minecraft:deepslate":6},"minecraft:killed_by":{"minecraft:spider":1,"minecraft:enderman":1,"minecraft:skeleton":1,"minecraft:zombie":1},"minecraft:crafted":{"minecraft:black_dye":2,"minecraft:wooden_sword":2,"minecraft:birch_wood":3,"minecraft:furnace":3,"minecraft:cooked_mutton":23,"minecraft:chest":1,"minecraft:cooked_beef":5,"minecraft:wooden_shovel":1,"minecraft:cooked_porkchop":6,"minecraft:crafting_table":3,"minecraft:wooden_pickaxe":1,"minecraft:cooked_salmon":12,"minecraft:birch_planks":212,"minecraft:stick":28,"minecraft:iron_ingot":5,"minecraft:wooden_axe":3,"minecraft:stone_sword":1,"minecraft:torch":32},"minecraft:broken":{"minecraft:wooden_shovel":1}},"DataVersion":3953}