{"stats":{"minecraft:custom":{"minecraft:interact_with_furnace":44,"minecraft:mob_kills":18,"minecraft:interact_with_crafting_table":18,"minecraft:time_since_death":622,"minecraft:climb_one_cm":1040,"minecraft:time_since_rest":669,"minecraft:sprint_one_cm":278559,"minecraft:damage_taken":2627,"minecraft:walk_one_cm":294367,"minecraft:damage_blocked_by_shield":650,"minecraft:drop":56,"minecraft:damage_dealt":2347,"minecraft:swim_one_cm":5570,"minecraft:fly_one_cm":89372,"minecraft:open_chest":6,"minecraft:crouch_one_cm":552,"minecraft:play_time":80847,"minecraft:deaths":4,"minecraft:sneak_time":186,"minecraft:walk_under_water_one_cm":766,"minecraft:jump":1293,"minecraft:walk_on_water_one_cm":5617,"minecraft:total_world_time":80847,"minecraft:fall_one_cm":35370},"minecraft:crafted":{"minecraft:cooked_beef":2,"minecraft:wooden_sword":1,"minecraft:birch_wood":3,"minecraft:cooked_porkchop":6,"minecraft:crafting_table":1,"minecraft:furnace":1,"minecraft:cooked_salmon":5,"minecraft:birch_planks":104,"minecraft:cooked_mutton":7,"minecraft:stick":20,"minecraft:iron_ingot":5,"minecraft:wooden_axe":2,"minecraft:stone_sword":1,"minecraft:torch":32},"minecraft:mined":{"minecraft:tuff":2,"minecraft:twisting_vines_plant":7,"minecraft:stripped_birch_log":1,"minecraft:short_grass":9,"minecraft:warped_roots":1,"minecraft:grass_block":39,"minecraft:poppy":1,"minecraft:cobblestone":3,"minecraft:warped_wart_block":1,"minecraft:birch_planks":9,"minecraft:warped_nylium":28,"minecraft:nether_sprouts":3,"minecraft:birch_log":30,"minecraft:iron_ore":20,"minecraft:pumpkin":3,"minecraft:twisting_vines":1,"minecraft:coal_ore":15,"minecraft:dirt":13,"minecraft:stone":18,"minecraft:netherrack":23,"minecraft:deepslate":6},"minecraft:picked_up":{"minecraft:birch_log":37,"minecraft:iron_chestplate":1,"minecraft:leather":4,"minecraft:birch_planks":7,"minecraft:tuff":3,"minecraft:golden_boots":1,"minecraft:shield":1,"minecraft:string":6,"minecraft:stripped_birch_log":3,"minecraft:dirt":58,"minecraft:cooked_salmon":3,"minecraft:twisting_vines":10,"minecraft:iron_leggings":1,"minecraft:cooked_mutton":2,"minecraft:bone":2,"minecraft:wheat_seeds":1,"minecraft:cobbled_deepslate":10,"minecraft:iron_ingot":4,"minecraft:stone_pickaxe":1,"minecraft:beef":3,"minecraft:poppy":3,"minecraft:iron_pickaxe":1,"minecraft:birch_sapling":2,"minecraft:iron_sword":1,"minecraft:iron_boots":1,"minecraft:raw_iron":21,"minecraft:cooked_porkchop":8,"minecraft:pumpkin":3,"minecraft:torch":2,"minecraft:porkchop":6,"minecraft:carrot":1,"minecraft:spider_eye":5,"minecraft:arrow":5,"minecraft:rotten_flesh":6,"minecraft:iron_helmet":1,"minecraft:warped_roots":3,"minecraft:netherrack":44,"minecraft:mutton":5,"minecraft:coal":14,"minecraft:white_wool":4,"minecraft:cobblestone":21,"minecraft:ender_pearl":1},"minecraft:killed_by":{"minecraft:skeleton":1,"minecraft:enderman":1},"minecraft:dropped":{"minecraft:iron_ingot":5,"minecraft:wheat_seeds":1,"minecraft:stone_sword":1,"minecraft:cobbled_deepslate":10,"minecraft:twisting_vines":8,"minecraft:tuff":3,"minecraft:cooked_porkchop":11,"minecraft:birch_sapling":2,"minecraft:warped_roots":3,"minecraft:cobblestone":1,"minecraft:rotten_flesh":5,"minecraft:leather":4,"minecraft:poppy":1,"minecraft:torch":13,"minecraft:wooden_axe":1,"minecraft:cooked_salmon":1,"minecraft:stripped_birch_log":3,"minecraft:wooden_sword":1,"minecraft:pumpkin":2,"minecraft:stone_pickaxe":1,"minecraft:white_wool":4},"minecraft:killed":{"minecraft:pig":2,"minecraft:spider":2,"minecraft:skeleton":1,"minecraft:sheep":3,"minecraft:zombie":4,"minecraft:enderman":1,"minecraft:cow":3},"minecraft:used":{"minecraft:golden_boots":1,"minecraft:cooked_mutton":9,"minecraft:stone_sword":29,"minecraft:birch_planks":32,"minecraft:stone_pickaxe":18,"minecraft:birch_wood":2,"minecraft:shield":32,"minecraft:iron_sword":61,"minecraft:cooked_salmon":7,"minecraft:netherrack":41,"minecraft:torch":21,"minecraft:dirt":52,"minecraft:crafting_table":1,"minecraft:twisting_vines":2,"minecraft:carrot":1,"minecraft:wooden_axe":30,"minecraft:iron_pickaxe":98,"minecraft:iron_boots":1,"minecraft:wooden_sword":18,"minecraft:cobblestone":10,"minecraft:furnace":1,"minecraft:cooked_porkchop":3,"minecraft:cooked_beef":2,"minecraft:pumpkin":1}},"DataVersion":3953}