{"stats":{"minecraft:picked_up":{"minecraft:wooden_axe":1,"minecraft:raw_iron":3,"minecraft:sweet_berries":2,"minecraft:wooden_pickaxe":1,"minecraft:porkchop":1,"minecraft:oak_log":9,"minecraft:pointed_dripstone":1,"minecraft:string":1,"minecraft:oak_wood":7,"minecraft:stone_axe":1,"minecraft:stone_pickaxe":2,"minecraft:coal":6,"minecraft:cobblestone":29,"minecraft:furnace":2},"minecraft:used":{"minecraft:wooden_axe":11,"minecraft:stone_pickaxe":41,"minecraft:stone_axe":2,"minecraft:cobblestone":8,"minecraft:crafting_table":1,"minecraft:furnace":2,"minecraft:cooked_porkchop":3,"minecraft:oak_wood":3},"minecraft:custom":{"minecraft:time_since_rest":14567,"minecraft:interact_with_furnace":15,"minecraft:sprint_one_cm":45513,"minecraft:damage_taken":595,"minecraft:walk_one_cm":53036,"minecraft:mob_kills":2,"minecraft:drop":4,"minecraft:damage_dealt":341,"minecraft:interact_with_crafting_table":2,"minecraft:fly_one_cm":10808,"minecraft:crouch_one_cm":16,"minecraft:play_time":15708,"minecraft:deaths":1,"minecraft:sneak_time":15,"minecraft:walk_under_water_one_cm":899,"minecraft:jump":210,"minecraft:leave_game":1,"minecraft:time_since_death":14539,"minecraft:walk_on_water_one_cm":2944,"minecraft:total_world_time":15708,"minecraft:fall_one_cm":8170},"minecraft:mined":{"minecraft:furnace":2,"minecraft:iron_ore":3,"minecraft:sweet_berry_bush":3,"minecraft:oak_wood":2,"minecraft:short_grass":3,"minecraft:pointed_dripstone":1,"minecraft:oak_log":9,"minecraft:coal_ore":7,"minecraft:stone":29},"minecraft:crafted":{"minecraft:oak_planks":4,"minecraft:cooked_porkchop":4,"minecraft:crafting_table":1,"minecraft:furnace":1,"minecraft:oak_wood":6},"minecraft:dropped":{"minecraft:wooden_axe":1,"minecraft:pointed_dripstone":1,"minecraft:wooden_pickaxe":1,"minecraft:stone_pickaxe":1},"minecraft:killed":{"minecraft:pig":2},"minecraft:killed_by":{"minecraft:player":1}},"DataVersion":3953}