{"stats":{"minecraft:used":{"minecraft:beetroot":4,"minecraft:oak_fence":14,"minecraft:diamond_hoe":140,"minecraft:chest":1,"minecraft:wooden_shovel":125,"minecraft:cooked_chicken":1,"minecraft:torch":5,"minecraft:dirt":219,"minecraft:carrot":21,"minecraft:oak_wood":3,"minecraft:oak_fence_gate":2,"minecraft:wooden_axe":11,"minecraft:furnace":4,"minecraft:goat_horn":7,"minecraft:egg":14,"minecraft:cooked_beef":7,"minecraft:potato":6,"minecraft:cooked_mutton":4,"minecraft:stone_pickaxe":41,"minecraft:oak_planks":3,"minecraft:diamond_axe":61,"minecraft:crafting_table":3,"minecraft:crossbow":6,"minecraft:white_bed":2,"minecraft:spruce_log":1,"minecraft:string":1,"minecraft:stone_axe":63,"minecraft:diamond_sword":148,"minecraft:cobblestone":8,"minecraft:white_banner":1,"minecraft:cooked_porkchop":4,"minecraft:dandelion":1},"minecraft:dropped":{"minecraft:wheat_seeds":40,"minecraft:cooked_beef":7,"minecraft:cobblestone":15,"minecraft:oxeye_daisy":1,"minecraft:dirt":1,"minecraft:wooden_axe":1,"minecraft:spruce_sapling":3,"minecraft:bone":1,"minecraft:stone_axe":2,"minecraft:sweet_berries":2,"minecraft:raw_iron":3,"minecraft:pointed_dripstone":1,"minecraft:rotten_flesh":8,"minecraft:oak_planks":39,"minecraft:azure_bluet":1,"minecraft:beetroot_seeds":14,"minecraft:leather_leggings":1,"minecraft:spider_eye":3,"minecraft:spruce_log":64,"minecraft:wooden_pickaxe":1,"minecraft:stone_pickaxe":2},"minecraft:killed":{"minecraft:chicken":17,"minecraft:pig":2,"minecraft:polar_bear":1,"minecraft:sheep":3,"minecraft:pillager":3,"minecraft:zombie":2,"minecraft:cow":15},"minecraft:broken":{"minecraft:wooden_shovel":2},"minecraft:killed_by":{"minecraft:player":1},"minecraft:crafted":{"minecraft:oak_planks":116,"minecraft:cooked_chicken":7,"minecraft:furnace":2,"minecraft:cooked_mutton":4,"minecraft:chest":1,"minecraft:oak_fence":15,"minecraft:cooked_beef":14,"minecraft:wooden_shovel":2,"minecraft:cooked_porkchop":4,"minecraft:crafting_table":3,"minecraft:oak_wood":6,"minecraft:oak_fence_gate":2,"minecraft:stick":24},"minecraft:custom":{"minecraft:interact_with_smithing_table":1,"minecraft:mob_kills":43,"minecraft:interact_with_crafting_table":22,"minecraft:leave_game":3,"minecraft:time_since_death":201957,"minecraft:climb_one_cm":1838,"minecraft:sprint_one_cm":449264,"minecraft:walk_one_cm":493614,"minecraft:drop":67,"minecraft:talked_to_villager":4,"minecraft:raid_win":1,"minecraft:play_time":203126,"minecraft:deaths":1,"minecraft:sneak_time":785,"minecraft:walk_under_water_one_cm":19593,"minecraft:boat_one_cm":108390,"minecraft:jump":1661,"minecraft:interact_with_brewingstand":1,"minecraft:interact_with_blast_furnace":1,"minecraft:walk_on_water_one_cm":33759,"minecraft:total_world_time":203126,"minecraft:interact_with_furnace":31,"minecraft:sleep_in_bed":13,"minecraft:time_since_rest":45612,"minecraft:damage_taken":1827,"minecraft:damage_dealt":5744,"minecraft:swim_one_cm":24122,"minecraft:fly_one_cm":234811,"minecraft:open_chest":28,"minecraft:crouch_one_cm":2302,"minecraft:fall_one_cm":28172,"minecraft:horse_one_cm":1171690},"minecraft:mined":{"minecraft:white_bed":2,"minecraft:farmland":2,"minecraft:grass_block":242,"minecraft:spruce_leaves":9,"minecraft:oxeye_daisy":1,"minecraft:furnace":2,"minecraft:carrots":9,"minecraft:iron_ore":3,"minecraft:azure_bluet":1,"minecraft:pointed_dripstone":1,"minecraft:stripped_oak_log":1,"minecraft:stone":29,"minecraft:podzol":1,"minecraft:dandelion":1,"minecraft:oak_fence":4,"minecraft:short_grass":158,"minecraft:oak_wood":2,"minecraft:tall_grass":31,"minecraft:oak_planks":1,"minecraft:wall_torch":2,"minecraft:wheat":11,"minecraft:sweet_berry_bush":3,"minecraft:ice":6,"minecraft:spruce_log":48,"minecraft:stripped_oak_wood":1,"minecraft:yellow_bed":1,"minecraft:oak_log":33,"minecraft:coal_ore":7,"minecraft:beetroots":4,"minecraft:dirt":80,"minecraft:oak_leaves":2},"minecraft:picked_up":{"minecraft:wooden_axe":1,"minecraft:azure_bluet":1,"minecraft:chicken":17,"minecraft:leather_leggings":1,"minecraft:diamond_sword":1,"minecraft:wooden_pickaxe":1,"minecraft:string":5,"minecraft:beetroot":4,"minecraft:diamond_leggings":1,"minecraft:beef":26,"minecraft:diamond_hoe":2,"minecraft:egg":14,"minecraft:furnace":2,"minecraft:tipped_arrow":17,"minecraft:raw_iron":3,"minecraft:oak_fence":4,"minecraft:torch":8,"minecraft:porkchop":1,"minecraft:pointed_dripstone":1,"minecraft:carrot":21,"minecraft:goat_horn":1,"minecraft:arrow":44,"minecraft:diamond_chestplate":1,"minecraft:rotten_flesh":8,"minecraft:cooked_cod":3,"minecraft:beetroot_seeds":14,"minecraft:diamond_boots":1,"minecraft:saddle":1,"minecraft:totem_of_undying":1,"minecraft:mutton":3,"minecraft:cod":3,"minecraft:white_wool":2,"minecraft:cobblestone":39,"minecraft:oxeye_daisy":1,"minecraft:stripped_oak_log":1,"minecraft:feather":17,"minecraft:cooked_beef":33,"minecraft:leather":9,"minecraft:potato":1,"minecraft:oak_log":31,"minecraft:yellow_bed":1,"minecraft:dirt":314,"minecraft:white_banner":1,"minecraft:cooked_mutton":24,"minecraft:bone":3,"minecraft:wheat_seeds":40,"minecraft:stone_pickaxe":3,"minecraft:stripped_oak_wood":1,"minecraft:diamond_helmet":1,"minecraft:oak_planks":2,"minecraft:sweet_berries":2,"minecraft:dandelion":1,"minecraft:spruce_sapling":3,"minecraft:white_bed":2,"minecraft:spruce_log":65,"minecraft:spider_eye":3,"minecraft:oak_wood":7,"minecraft:stone_axe":2,"minecraft:crossbow":2,"minecraft:diamond_axe":2,"minecraft:black_wool":1,"minecraft:coal":6}},"DataVersion":3953}