{"stats":{"minecraft:custom":{"minecraft:jump":45,"minecraft:time_since_rest":2847,"minecraft:damage_dealt":159,"minecraft:crouch_one_cm":261,"minecraft:damage_taken":205,"minecraft:sprint_one_cm":16030,"minecraft:play_time":2847,"minecraft:time_since_death":2847,"minecraft:walk_one_cm":17569,"minecraft:sneak_time":36,"minecraft:total_world_time":2847,"minecraft:mob_kills":1,"minecraft:fall_one_cm":855,"minecraft:fly_one_cm":2317},"minecraft:mined":{"minecraft:short_grass":1,"minecraft:poppy":1,"minecraft:birch_log":6},"minecraft:picked_up":{"minecraft:birch_log":7,"minecraft:poppy":1,"minecraft:rotten_flesh":1},"minecraft:killed":{"minecraft:zombie":1}},"DataVersion":3953}