{"stats":{"minecraft:killed_by":{"minecraft:player":1},"minecraft:broken":{"minecraft:wooden_shovel":2},"minecraft:killed":{"minecraft:pig":2,"minecraft:sheep":2,"minecraft:cow":7},"minecraft:custom":{"minecraft:interact_with_furnace":27,"minecraft:mob_kills":11,"minecraft:interact_with_crafting_table":18,"minecraft:leave_game":1,"minecraft:time_since_death":83543,"minecraft:sleep_in_bed":4,"minecraft:time_since_rest":4092,"minecraft:sprint_one_cm":236603,"minecraft:damage_taken":750,"minecraft:walk_one_cm":257760,"minecraft:drop":34,"minecraft:damage_dealt":1363,"minecraft:talked_to_villager":3,"minecraft:swim_one_cm":15404,"minecraft:fly_one_cm":142193,"minecraft:open_chest":9,"minecraft:play_time":84712,"minecraft:crouch_one_cm":2165,"minecraft:deaths":1,"minecraft:sneak_time":755,"minecraft:walk_under_water_one_cm":4663,"minecraft:jump":1138,"minecraft:interact_with_blast_furnace":1,"minecraft:walk_on_water_one_cm":16201,"minecraft:total_world_time":84712,"minecraft:fall_one_cm":23111,"minecraft:horse_one_cm":238201},"minecraft:picked_up":{"minecraft:wooden_axe":1,"minecraft:stripped_oak_log":1,"minecraft:azure_bluet":1,"minecraft:cooked_beef":7,"minecraft:leather_leggings":1,"minecraft:leather":4,"minecraft:wooden_pickaxe":1,"minecraft:oak_log":31,"minecraft:yellow_bed":1,"minecraft:dirt":182,"minecraft:string":3,"minecraft:bone":1,"minecraft:beetroot":4,"minecraft:wheat_seeds":34,"minecraft:beef":14,"minecraft:stone_pickaxe":2,"minecraft:stripped_oak_wood":1,"minecraft:oak_planks":1,"minecraft:diamond_hoe":1,"minecraft:egg":2,"minecraft:furnace":2,"minecraft:raw_iron":3,"minecraft:sweet_berries":2,"minecraft:oak_fence":4,"minecraft:torch":4,"minecraft:dandelion":1,"minecraft:porkchop":1,"minecraft:pointed_dripstone":1,"minecraft:carrot":15,"minecraft:white_bed":1,"minecraft:spider_eye":1,"minecraft:oak_wood":7,"minecraft:arrow":1,"minecraft:beetroot_seeds":9,"minecraft:stone_axe":2,"minecraft:saddle":1,"minecraft:black_wool":1,"minecraft:mutton":2,"minecraft:coal":6,"minecraft:cobblestone":29,"minecraft:white_wool":1,"minecraft:oxeye_daisy":1},"minecraft:mined":{"minecraft:white_bed":1,"minecraft:dandelion":1,"minecraft:oak_fence":4,"minecraft:short_grass":116,"minecraft:oak_wood":2,"minecraft:grass_block":157,"minecraft:tall_grass":18,"minecraft:oak_planks":1,"minecraft:oxeye_daisy":1,"minecraft:furnace":2,"minecraft:carrots":7,"minecraft:iron_ore":3,"minecraft:wheat":10,"minecraft:sweet_berry_bush":3,"minecraft:stripped_oak_wood":1,"minecraft:yellow_bed":1,"minecraft:azure_bluet":1,"minecraft:pointed_dripstone":1,"minecraft:oak_log":33,"minecraft:coal_ore":7,"minecraft:beetroots":4,"minecraft:dirt":29,"minecraft:stripped_oak_log":1,"minecraft:stone":29,"minecraft:oak_leaves":2},"minecraft:crafted":{"minecraft:cooked_beef":9,"minecraft:oak_planks":116,"minecraft:wooden_shovel":2,"minecraft:cooked_porkchop":4,"minecraft:crafting_table":3,"minecraft:furnace":2,"minecraft:oak_wood":6,"minecraft:cooked_mutton":2,"minecraft:oak_fence_gate":2,"minecraft:stick":24,"minecraft:chest":1,"minecraft:oak_fence":15},"minecraft:dropped":{"minecraft:stone_axe":1,"minecraft:sweet_berries":2,"minecraft:wheat_seeds":32,"minecraft:cooked_beef":7,"minecraft:pointed_dripstone":1,"minecraft:raw_iron":3,"minecraft:oak_planks":30,"minecraft:azure_bluet":1,"minecraft:oxeye_daisy":1,"minecraft:dirt":1,"minecraft:beetroot_seeds":3,"minecraft:wooden_axe":1,"minecraft:spider_eye":1,"minecraft:stone_pickaxe":1,"minecraft:wooden_pickaxe":1},"minecraft:used":{"minecraft:beetroot":4,"minecraft:oak_fence":14,"minecraft:cooked_mutton":2,"minecraft:stone_pickaxe":41,"minecraft:oak_planks":1,"minecraft:chest":1,"minecraft:wooden_shovel":125,"minecraft:torch":1,"minecraft:dirt":176,"minecraft:crafting_table":3,"minecraft:carrot":5,"minecraft:white_bed":1,"minecraft:oak_wood":3,"minecraft:oak_fence_gate":2,"minecraft:wooden_axe":11,"minecraft:stone_axe":39,"minecraft:cobblestone":8,"minecraft:furnace":4,"minecraft:cooked_porkchop":4,"minecraft:egg":1,"minecraft:cooked_beef":2}},"DataVersion":3953}