{"stats":{"minecraft:used":{"minecraft:beetroot":4,"minecraft:oak_fence":14,"minecraft:cooked_mutton":4,"minecraft:stone_pickaxe":41,"minecraft:oak_planks":3,"minecraft:chest":1,"minecraft:wooden_shovel":125,"minecraft:diamond_axe":61,"minecraft:torch":5,"minecraft:dirt":176,"minecraft:crafting_table":3,"minecraft:carrot":9,"minecraft:white_bed":2,"minecraft:oak_wood":3,"minecraft:spruce_log":1,"minecraft:oak_fence_gate":2,"minecraft:wooden_axe":11,"minecraft:string":1,"minecraft:diamond_sword":11,"minecraft:stone_axe":63,"minecraft:cobblestone":8,"minecraft:furnace":4,"minecraft:cooked_porkchop":4,"minecraft:egg":2,"minecraft:cooked_beef":4,"minecraft:potato":6,"minecraft:dandelion":1},"minecraft:dropped":{"minecraft:stone_axe":2,"minecraft:sweet_berries":2,"minecraft:wheat_seeds":38,"minecraft:cooked_beef":7,"minecraft:pointed_dripstone":1,"minecraft:raw_iron":3,"minecraft:rotten_flesh":5,"minecraft:oak_planks":39,"minecraft:azure_bluet":1,"minecraft:oxeye_daisy":1,"minecraft:dirt":1,"minecraft:beetroot_seeds":9,"minecraft:wooden_axe":1,"minecraft:leather_leggings":1,"minecraft:spider_eye":1,"minecraft:spruce_log":64,"minecraft:stone_pickaxe":2,"minecraft:wooden_pickaxe":1,"minecraft:spruce_sapling":3,"minecraft:bone":1},"minecraft:broken":{"minecraft:wooden_shovel":2},"minecraft:killed":{"minecraft:pig":2,"minecraft:sheep":2,"minecraft:zombie":2,"minecraft:cow":7},"minecraft:killed_by":{"minecraft:player":1},"minecraft:custom":{"minecraft:interact_with_smithing_table":1,"minecraft:interact_with_furnace":29,"minecraft:mob_kills":13,"minecraft:interact_with_crafting_table":21,"minecraft:leave_game":3,"minecraft:time_since_death":141957,"minecraft:sleep_in_bed":12,"minecraft:climb_one_cm":1838,"minecraft:time_since_rest":624,"minecraft:sprint_one_cm":307058,"minecraft:damage_taken":1206,"minecraft:walk_one_cm":369240,"minecraft:drop":56,"minecraft:damage_dealt":2048,"minecraft:swim_one_cm":15404,"minecraft:fly_one_cm":180249,"minecraft:talked_to_villager":3,"minecraft:play_time":143126,"minecraft:open_chest":20,"minecraft:crouch_one_cm":2165,"minecraft:sneak_time":770,"minecraft:deaths":1,"minecraft:walk_under_water_one_cm":5417,"minecraft:jump":1399,"minecraft:interact_with_brewingstand":1,"minecraft:interact_with_blast_furnace":1,"minecraft:walk_on_water_one_cm":18917,"minecraft:total_world_time":143126,"minecraft:fall_one_cm":26440,"minecraft:horse_one_cm":658248},"minecraft:crafted":{"minecraft:cooked_beef":14,"minecraft:oak_planks":116,"minecraft:wooden_shovel":2,"minecraft:cooked_porkchop":4,"minecraft:crafting_table":3,"minecraft:furnace":2,"minecraft:oak_wood":6,"minecraft:cooked_mutton":4,"minecraft:oak_fence_gate":2,"minecraft:stick":24,"minecraft:chest":1,"minecraft:oak_fence":15},"minecraft:mined":{"minecraft:white_bed":2,"minecraft:dandelion":1,"minecraft:oak_fence":4,"minecraft:short_grass":130,"minecraft:oak_wood":2,"minecraft:grass_block":160,"minecraft:tall_grass":26,"minecraft:spruce_leaves":8,"minecraft:oak_planks":1,"minecraft:oxeye_daisy":1,"minecraft:wall_torch":2,"minecraft:carrots":8,"minecraft:furnace":2,"minecraft:iron_ore":3,"minecraft:wheat":11,"minecraft:sweet_berry_bush":3,"minecraft:spruce_log":48,"minecraft:stripped_oak_wood":1,"minecraft:yellow_bed":1,"minecraft:azure_bluet":1,"minecraft:coal_ore":7,"minecraft:pointed_dripstone":1,"minecraft:oak_log":33,"minecraft:beetroots":4,"minecraft:dirt":29,"minecraft:stripped_oak_log":1,"minecraft:stone":29,"minecraft:oak_leaves":2},"minecraft:picked_up":{"minecraft:wooden_axe":1,"minecraft:stripped_oak_log":1,"minecraft:azure_bluet":1,"minecraft:cooked_beef":7,"minecraft:leather_leggings":1,"minecraft:leather":4,"minecraft:diamond_sword":1,"minecraft:wooden_pickaxe":1,"minecraft:potato":1,"minecraft:oak_log":31,"minecraft:yellow_bed":1,"minecraft:string":5,"minecraft:dirt":185,"minecraft:bone":3,"minecraft:beetroot":4,"minecraft:wheat_seeds":38,"minecraft:diamond_leggings":1,"minecraft:beef":14,"minecraft:stone_pickaxe":3,"minecraft:stripped_oak_wood":1,"minecraft:diamond_helmet":1,"minecraft:oak_planks":2,"minecraft:diamond_hoe":2,"minecraft:furnace":2,"minecraft:egg":2,"minecraft:tipped_arrow":16,"minecraft:raw_iron":3,"minecraft:sweet_berries":2,"minecraft:oak_fence":4,"minecraft:torch":8,"minecraft:dandelion":1,"minecraft:porkchop":1,"minecraft:carrot":19,"minecraft:spruce_sapling":3,"minecraft:pointed_dripstone":1,"minecraft:white_bed":2,"minecraft:spruce_log":65,"minecraft:spider_eye":1,"minecraft:oak_wood":7,"minecraft:arrow":44,"minecraft:rotten_flesh":6,"minecraft:diamond_chestplate":1,"minecraft:stone_axe":2,"minecraft:beetroot_seeds":14,"minecraft:diamond_boots":1,"minecraft:crossbow":1,"minecraft:diamond_axe":2,"minecraft:saddle":1,"minecraft:black_wool":1,"minecraft:mutton":2,"minecraft:coal":6,"minecraft:white_wool":1,"minecraft:cobblestone":29,"minecraft:oxeye_daisy":1}},"DataVersion":3953}