{"stats":{"minecraft:custom":{"minecraft:interact_with_furnace":41,"minecraft:mob_kills":18,"minecraft:interact_with_crafting_table":13,"minecraft:time_since_death":10219,"minecraft:time_since_rest":10317,"minecraft:sprint_one_cm":197168,"minecraft:damage_taken":1608,"minecraft:walk_one_cm":223704,"minecraft:damage_blocked_by_shield":650,"minecraft:drop":38,"minecraft:damage_dealt":2342,"minecraft:swim_one_cm":2460,"minecraft:fly_one_cm":31694,"minecraft:open_chest":1,"minecraft:crouch_one_cm":552,"minecraft:play_time":56847,"minecraft:deaths":2,"minecraft:sneak_time":186,"minecraft:walk_under_water_one_cm":718,"minecraft:jump":797,"minecraft:walk_on_water_one_cm":4080,"minecraft:total_world_time":56847,"minecraft:fall_one_cm":16832},"minecraft:crafted":{"minecraft:cooked_beef":2,"minecraft:wooden_sword":1,"minecraft:birch_wood":3,"minecraft:crafting_table":1,"minecraft:furnace":1,"minecraft:cooked_salmon":5,"minecraft:birch_planks":104,"minecraft:cooked_mutton":6,"minecraft:stick":20,"minecraft:iron_ingot":5,"minecraft:wooden_axe":2,"minecraft:stone_sword":1,"minecraft:torch":32},"minecraft:mined":{"minecraft:tuff":2,"minecraft:stripped_birch_log":1,"minecraft:short_grass":7,"minecraft:grass_block":17,"minecraft:poppy":1,"minecraft:cobblestone":3,"minecraft:birch_planks":9,"minecraft:birch_log":30,"minecraft:iron_ore":20,"minecraft:pumpkin":3,"minecraft:coal_ore":15,"minecraft:dirt":3,"minecraft:stone":18,"minecraft:deepslate":6},"minecraft:picked_up":{"minecraft:birch_log":37,"minecraft:iron_chestplate":1,"minecraft:leather":4,"minecraft:birch_planks":7,"minecraft:tuff":3,"minecraft:golden_boots":1,"minecraft:shield":1,"minecraft:string":6,"minecraft:stripped_birch_log":3,"minecraft:dirt":16,"minecraft:cooked_salmon":3,"minecraft:iron_leggings":1,"minecraft:cooked_mutton":2,"minecraft:bone":2,"minecraft:cobbled_deepslate":10,"minecraft:iron_ingot":4,"minecraft:stone_pickaxe":1,"minecraft:beef":3,"minecraft:poppy":3,"minecraft:iron_pickaxe":1,"minecraft:birch_sapling":2,"minecraft:iron_sword":1,"minecraft:iron_boots":1,"minecraft:raw_iron":21,"minecraft:pumpkin":3,"minecraft:torch":2,"minecraft:porkchop":6,"minecraft:carrot":1,"minecraft:spider_eye":5,"minecraft:arrow":5,"minecraft:rotten_flesh":6,"minecraft:iron_helmet":1,"minecraft:mutton":5,"minecraft:coal":14,"minecraft:white_wool":4,"minecraft:cobblestone":21,"minecraft:ender_pearl":1},"minecraft:killed_by":{"minecraft:skeleton":1},"minecraft:dropped":{"minecraft:iron_ingot":5,"minecraft:stone_sword":1,"minecraft:cobbled_deepslate":10,"minecraft:tuff":3,"minecraft:birch_sapling":2,"minecraft:cobblestone":1,"minecraft:rotten_flesh":5,"minecraft:leather":4,"minecraft:poppy":1,"minecraft:torch":13,"minecraft:wooden_axe":1,"minecraft:cooked_salmon":1,"minecraft:stripped_birch_log":3,"minecraft:wooden_sword":1,"minecraft:pumpkin":2,"minecraft:stone_pickaxe":1,"minecraft:white_wool":4},"minecraft:killed":{"minecraft:pig":2,"minecraft:spider":2,"minecraft:skeleton":1,"minecraft:sheep":3,"minecraft:zombie":4,"minecraft:enderman":1,"minecraft:cow":3},"minecraft:used":{"minecraft:cooked_mutton":7,"minecraft:stone_sword":29,"minecraft:birch_planks":32,"minecraft:stone_pickaxe":18,"minecraft:shield":32,"minecraft:iron_sword":61,"minecraft:cooked_salmon":7,"minecraft:torch":21,"minecraft:dirt":2,"minecraft:crafting_table":1,"minecraft:carrot":1,"minecraft:wooden_axe":30,"minecraft:iron_pickaxe":46,"minecraft:wooden_sword":18,"minecraft:cobblestone":10,"minecraft:furnace":1,"minecraft:cooked_beef":2,"minecraft:pumpkin":1}},"DataVersion":3953}