{"stats":{"minecraft:custom":{"minecraft:time_since_rest":11010,"minecraft:interact_with_furnace":14,"minecraft:sprint_one_cm":113499,"minecraft:damage_taken":450,"minecraft:walk_one_cm":52434,"minecraft:mob_kills":7,"minecraft:drop":6,"minecraft:damage_dealt":572,"minecraft:swim_one_cm":1183,"minecraft:interact_with_crafting_table":3,"minecraft:fly_one_cm":13185,"minecraft:open_chest":1,"minecraft:crouch_one_cm":311,"minecraft:play_time":14847,"minecraft:deaths":1,"minecraft:sneak_time":52,"minecraft:walk_under_water_one_cm":26,"minecraft:jump":160,"minecraft:time_since_death":10964,"minecraft:walk_on_water_one_cm":467,"minecraft:total_world_time":14847,"minecraft:fall_one_cm":2180},"minecraft:crafted":{"minecraft:cooked_beef":2,"minecraft:wooden_sword":1,"minecraft:crafting_table":1,"minecraft:stick":8,"minecraft:wooden_axe":2,"minecraft:cooked_salmon":5,"minecraft:birch_planks":100},"minecraft:mined":{"minecraft:birch_log":25,"minecraft:stripped_birch_log":1,"minecraft:pumpkin":3,"minecraft:short_grass":2,"minecraft:poppy":1,"minecraft:stone":12},"minecraft:picked_up":{"minecraft:birch_log":32,"minecraft:pumpkin":3,"minecraft:leather":4,"minecraft:stripped_birch_log":3,"minecraft:cooked_salmon":3,"minecraft:arrow":1,"minecraft:bone":1,"minecraft:rotten_flesh":2,"minecraft:beef":3,"minecraft:stone_pickaxe":1,"minecraft:poppy":2,"minecraft:mutton":3,"minecraft:white_wool":2,"minecraft:cobblestone":13},"minecraft:killed_by":{"minecraft:skeleton":1},"minecraft:dropped":{"minecraft:poppy":1,"minecraft:cooked_salmon":1,"minecraft:rotten_flesh":1,"minecraft:stripped_birch_log":2,"minecraft:pumpkin":2},"minecraft:killed":{"minecraft:sheep":2,"minecraft:zombie":1,"minecraft:cow":3},"minecraft:used":{"minecraft:wooden_axe":21,"minecraft:stone_pickaxe":12,"minecraft:cooked_salmon":3,"minecraft:wooden_sword":16,"minecraft:crafting_table":1,"minecraft:pumpkin":1}},"DataVersion":3953}