{"stats":{"minecraft:used":{"minecraft:golden_boots":1,"minecraft:cooked_mutton":9,"minecraft:warped_stem":7,"minecraft:stone_sword":29,"minecraft:birch_planks":32,"minecraft:stone_pickaxe":18,"minecraft:birch_wood":2,"minecraft:brown_mushroom":1,"minecraft:shield":32,"minecraft:iron_sword":61,"minecraft:cooked_salmon":7,"minecraft:torch":21,"minecraft:netherrack":41,"minecraft:dirt":57,"minecraft:warped_wart_block":5,"minecraft:crafting_table":1,"minecraft:carrot":1,"minecraft:twisting_vines":2,"minecraft:wooden_axe":30,"minecraft:iron_pickaxe":98,"minecraft:iron_boots":1,"minecraft:wooden_sword":18,"minecraft:cobblestone":10,"minecraft:furnace":1,"minecraft:cooked_porkchop":5,"minecraft:cooked_beef":2,"minecraft:pumpkin":1},"minecraft:picked_up":{"minecraft:birch_log":37,"minecraft:iron_chestplate":1,"minecraft:leather":7,"minecraft:brown_mushroom":1,"minecraft:birch_planks":7,"minecraft:tuff":3,"minecraft:golden_boots":1,"minecraft:shield":1,"minecraft:dirt":63,"minecraft:stripped_birch_log":3,"minecraft:string":6,"minecraft:cooked_salmon":3,"minecraft:iron_leggings":1,"minecraft:twisting_vines":10,"minecraft:cooked_mutton":2,"minecraft:bone":2,"minecraft:wheat_seeds":1,"minecraft:cobbled_deepslate":10,"minecraft:warped_stem":7,"minecraft:iron_ingot":4,"minecraft:beef":8,"minecraft:stone_pickaxe":1,"minecraft:poppy":3,"minecraft:iron_pickaxe":1,"minecraft:birch_sapling":2,"minecraft:iron_sword":1,"minecraft:iron_boots":1,"minecraft:raw_iron":21,"minecraft:cooked_porkchop":11,"minecraft:pumpkin":3,"minecraft:torch":2,"minecraft:warped_wart_block":5,"minecraft:porkchop":6,"minecraft:carrot":1,"minecraft:spider_eye":5,"minecraft:arrow":5,"minecraft:rotten_flesh":6,"minecraft:iron_helmet":1,"minecraft:gray_wool":1,"minecraft:warped_roots":3,"minecraft:netherrack":44,"minecraft:mutton":8,"minecraft:coal":14,"minecraft:white_wool":5,"minecraft:cobblestone":21,"minecraft:ender_pearl":1},"minecraft:dropped":{"minecraft:iron_ingot":5,"minecraft:wheat_seeds":1,"minecraft:stone_sword":1,"minecraft:cobbled_deepslate":10,"minecraft:twisting_vines":8,"minecraft:tuff":3,"minecraft:cooked_porkchop":11,"minecraft:birch_sapling":2,"minecraft:cobblestone":1,"minecraft:rotten_flesh":5,"minecraft:warped_roots":3,"minecraft:leather":4,"minecraft:poppy":1,"minecraft:torch":13,"minecraft:wooden_axe":1,"minecraft:cooked_salmon":1,"minecraft:stripped_birch_log":3,"minecraft:wooden_sword":1,"minecraft:pumpkin":2,"minecraft:stone_pickaxe":1,"minecraft:white_wool":4},"minecraft:killed":{"minecraft:pig":2,"minecraft:spider":2,"minecraft:sheep":5,"minecraft:skeleton":1,"minecraft:zombie":4,"minecraft:cow":6,"minecraft:enderman":1},"minecraft:custom":{"minecraft:interact_with_furnace":44,"minecraft:mob_kills":23,"minecraft:interact_with_crafting_table":18,"minecraft:leave_game":1,"minecraft:time_since_death":4489,"minecraft:climb_one_cm":1865,"minecraft:time_since_rest":4909,"minecraft:sprint_one_cm":353862,"minecraft:damage_taken":3037,"minecraft:walk_one_cm":361224,"minecraft:damage_blocked_by_shield":650,"minecraft:drop":56,"minecraft:damage_dealt":2811,"minecraft:swim_one_cm":5570,"minecraft:fly_one_cm":132860,"minecraft:open_chest":7,"minecraft:crouch_one_cm":552,"minecraft:play_time":95559,"minecraft:deaths":5,"minecraft:sneak_time":186,"minecraft:walk_under_water_one_cm":766,"minecraft:jump":1661,"minecraft:walk_on_water_one_cm":5617,"minecraft:total_world_time":95559,"minecraft:fall_one_cm":45520},"minecraft:mined":{"minecraft:tuff":2,"minecraft:twisting_vines_plant":9,"minecraft:stripped_birch_log":1,"minecraft:short_grass":17,"minecraft:grass_block":39,"minecraft:poppy":1,"minecraft:warped_roots":1,"minecraft:cobblestone":3,"minecraft:warped_wart_block":6,"minecraft:birch_planks":9,"minecraft:warped_nylium":28,"minecraft:nether_sprouts":3,"minecraft:birch_log":30,"minecraft:iron_ore":20,"minecraft:birch_leaves":2,"minecraft:pumpkin":3,"minecraft:twisting_vines":1,"minecraft:coal_ore":15,"minecraft:warped_stem":7,"minecraft:dirt":18,"minecraft:stone":18,"minecraft:netherrack":23,"minecraft:deepslate":6},"minecraft:killed_by":{"minecraft:skeleton":1,"minecraft:enderman":1},"minecraft:crafted":{"minecraft:cooked_beef":2,"minecraft:wooden_sword":1,"minecraft:birch_wood":3,"minecraft:cooked_porkchop":6,"minecraft:crafting_table":1,"minecraft:furnace":1,"minecraft:cooked_salmon":5,"minecraft:birch_planks":104,"minecraft:cooked_mutton":7,"minecraft:stick":20,"minecraft:iron_ingot":5,"minecraft:wooden_axe":2,"minecraft:stone_sword":1,"minecraft:torch":32}},"DataVersion":3953}