{"stats":{"minecraft:used":{"minecraft:golden_boots":1,"minecraft:peony":3,"minecraft:cooked_mutton":12,"minecraft:warped_stem":7,"minecraft:stone_sword":29,"minecraft:birch_planks":32,"minecraft:stone_pickaxe":18,"minecraft:birch_wood":2,"minecraft:wooden_pickaxe":15,"minecraft:brown_mushroom":1,"minecraft:shield":32,"minecraft:iron_sword":61,"minecraft:cooked_salmon":7,"minecraft:torch":21,"minecraft:netherrack":41,"minecraft:dirt":59,"minecraft:warped_wart_block":5,"minecraft:crafting_table":2,"minecraft:carrot":1,"minecraft:twisting_vines":2,"minecraft:wooden_axe":30,"minecraft:iron_pickaxe":98,"minecraft:iron_boots":1,"minecraft:wooden_sword":18,"minecraft:cobblestone":10,"minecraft:furnace":2,"minecraft:cooked_porkchop":5,"minecraft:cooked_beef":2,"minecraft:bone_meal":1,"minecraft:pumpkin":1},"minecraft:picked_up":{"minecraft:birch_log":49,"minecraft:iron_chestplate":1,"minecraft:salmon":2,"minecraft:leather":7,"minecraft:brown_mushroom":1,"minecraft:birch_planks":7,"minecraft:tuff":3,"minecraft:golden_boots":1,"minecraft:shield":1,"minecraft:dirt":73,"minecraft:stripped_birch_log":3,"minecraft:string":6,"minecraft:cooked_salmon":3,"minecraft:iron_leggings":1,"minecraft:twisting_vines":10,"minecraft:cooked_mutton":2,"minecraft:bone":2,"minecraft:wheat_seeds":1,"minecraft:cobbled_deepslate":10,"minecraft:warped_stem":7,"minecraft:iron_ingot":4,"minecraft:beef":8,"minecraft:stone_pickaxe":1,"minecraft:poppy":3,"minecraft:iron_pickaxe":1,"minecraft:birch_sapling":2,"minecraft:iron_sword":1,"minecraft:iron_boots":1,"minecraft:raw_iron":21,"minecraft:cooked_porkchop":11,"minecraft:pumpkin":3,"minecraft:torch":2,"minecraft:warped_wart_block":5,"minecraft:porkchop":6,"minecraft:ink_sac":2,"minecraft:carrot":1,"minecraft:spider_eye":5,"minecraft:arrow":5,"minecraft:rotten_flesh":6,"minecraft:peony":3,"minecraft:iron_helmet":1,"minecraft:bone_meal":1,"minecraft:gray_wool":1,"minecraft:warped_roots":3,"minecraft:netherrack":44,"minecraft:mutton":13,"minecraft:coal":14,"minecraft:white_wool":8,"minecraft:cobblestone":36,"minecraft:ender_pearl":1},"minecraft:dropped":{"minecraft:iron_ingot":5,"minecraft:wheat_seeds":1,"minecraft:stone_sword":1,"minecraft:cobbled_deepslate":10,"minecraft:twisting_vines":8,"minecraft:tuff":3,"minecraft:cooked_porkchop":11,"minecraft:birch_sapling":2,"minecraft:cobblestone":1,"minecraft:rotten_flesh":5,"minecraft:warped_roots":3,"minecraft:leather":7,"minecraft:poppy":1,"minecraft:torch":13,"minecraft:wooden_axe":1,"minecraft:cooked_salmon":1,"minecraft:stripped_birch_log":3,"minecraft:wooden_sword":1,"minecraft:pumpkin":2,"minecraft:stone_pickaxe":1,"minecraft:white_wool":4},"minecraft:killed":{"minecraft:pig":2,"minecraft:salmon":2,"minecraft:spider":2,"minecraft:sheep":8,"minecraft:skeleton":1,"minecraft:zombie":4,"minecraft:cow":6,"minecraft:enderman":1},"minecraft:custom":{"minecraft:interact_with_furnace":54,"minecraft:mob_kills":28,"minecraft:interact_with_crafting_table":21,"minecraft:leave_game":2,"minecraft:time_since_death":0,"minecraft:climb_one_cm":1865,"minecraft:time_since_rest":260,"minecraft:sprint_one_cm":368787,"minecraft:damage_taken":3397,"minecraft:walk_one_cm":390224,"minecraft:damage_blocked_by_shield":650,"minecraft:drop":59,"minecraft:damage_dealt":3186,"minecraft:swim_one_cm":10409,"minecraft:fly_one_cm":134605,"minecraft:open_chest":7,"minecraft:crouch_one_cm":552,"minecraft:play_time":109080,"minecraft:deaths":6,"minecraft:sneak_time":278,"minecraft:walk_under_water_one_cm":9219,"minecraft:jump":1685,"minecraft:walk_on_water_one_cm":8775,"minecraft:total_world_time":109080,"minecraft:fall_one_cm":45520},"minecraft:mined":{"minecraft:tuff":2,"minecraft:twisting_vines_plant":9,"minecraft:stripped_birch_log":1,"minecraft:short_grass":19,"minecraft:grass_block":41,"minecraft:poppy":1,"minecraft:warped_roots":1,"minecraft:tall_grass":2,"minecraft:cobblestone":3,"minecraft:warped_wart_block":6,"minecraft:seagrass":5,"minecraft:tall_seagrass":7,"minecraft:birch_planks":9,"minecraft:warped_nylium":28,"minecraft:nether_sprouts":3,"minecraft:birch_log":42,"minecraft:iron_ore":20,"minecraft:birch_leaves":2,"minecraft:pumpkin":3,"minecraft:peony":5,"minecraft:twisting_vines":1,"minecraft:coal_ore":15,"minecraft:warped_stem":7,"minecraft:dirt":26,"minecraft:stone":33,"minecraft:netherrack":23,"minecraft:deepslate":6},"minecraft:killed_by":{"minecraft:skeleton":1,"minecraft:zombie":1,"minecraft:enderman":1},"minecraft:crafted":{"minecraft:cooked_beef":2,"minecraft:black_dye":2,"minecraft:wooden_sword":1,"minecraft:birch_wood":3,"minecraft:cooked_porkchop":6,"minecraft:crafting_table":2,"minecraft:wooden_pickaxe":1,"minecraft:furnace":2,"minecraft:cooked_salmon":5,"minecraft:birch_planks":132,"minecraft:cooked_mutton":15,"minecraft:stick":24,"minecraft:iron_ingot":5,"minecraft:wooden_axe":2,"minecraft:stone_sword":1,"minecraft:torch":32}},"DataVersion":3953}