{"stats":{"minecraft:custom":{"minecraft:interact_with_smithing_table":1,"minecraft:interact_with_furnace":29,"minecraft:mob_kills":12,"minecraft:interact_with_crafting_table":20,"minecraft:leave_game":2,"minecraft:time_since_death":121689,"minecraft:sleep_in_bed":5,"minecraft:climb_one_cm":1838,"minecraft:time_since_rest":30368,"minecraft:sprint_one_cm":276431,"minecraft:damage_taken":1135,"minecraft:walk_one_cm":328997,"minecraft:drop":54,"minecraft:damage_dealt":1884,"minecraft:swim_one_cm":15404,"minecraft:fly_one_cm":175172,"minecraft:talked_to_villager":3,"minecraft:open_chest":15,"minecraft:play_time":122858,"minecraft:crouch_one_cm":2165,"minecraft:deaths":1,"minecraft:sneak_time":770,"minecraft:walk_under_water_one_cm":5417,"minecraft:jump":1349,"minecraft:interact_with_brewingstand":1,"minecraft:interact_with_blast_furnace":1,"minecraft:walk_on_water_one_cm":18678,"minecraft:total_world_time":122858,"minecraft:fall_one_cm":26440,"minecraft:horse_one_cm":633936},"minecraft:picked_up":{"minecraft:wooden_axe":1,"minecraft:stripped_oak_log":1,"minecraft:azure_bluet":1,"minecraft:cooked_beef":7,"minecraft:leather_leggings":1,"minecraft:leather":4,"minecraft:wooden_pickaxe":1,"minecraft:potato":1,"minecraft:oak_log":31,"minecraft:yellow_bed":1,"minecraft:dirt":185,"minecraft:string":5,"minecraft:bone":3,"minecraft:beetroot":4,"minecraft:wheat_seeds":38,"minecraft:beef":14,"minecraft:stone_pickaxe":2,"minecraft:stripped_oak_wood":1,"minecraft:oak_planks":2,"minecraft:diamond_hoe":2,"minecraft:egg":2,"minecraft:furnace":2,"minecraft:raw_iron":3,"minecraft:sweet_berries":2,"minecraft:oak_fence":4,"minecraft:torch":8,"minecraft:dandelion":1,"minecraft:porkchop":1,"minecraft:spruce_log":65,"minecraft:spruce_sapling":3,"minecraft:pointed_dripstone":1,"minecraft:carrot":19,"minecraft:white_bed":2,"minecraft:spider_eye":1,"minecraft:oak_wood":7,"minecraft:arrow":2,"minecraft:rotten_flesh":5,"minecraft:stone_axe":2,"minecraft:beetroot_seeds":14,"minecraft:diamond_axe":2,"minecraft:saddle":1,"minecraft:black_wool":1,"minecraft:mutton":2,"minecraft:coal":6,"minecraft:white_wool":1,"minecraft:cobblestone":29,"minecraft:oxeye_daisy":1},"minecraft:broken":{"minecraft:wooden_shovel":2},"minecraft:killed_by":{"minecraft:player":1},"minecraft:crafted":{"minecraft:cooked_beef":14,"minecraft:oak_planks":116,"minecraft:wooden_shovel":2,"minecraft:cooked_porkchop":4,"minecraft:crafting_table":3,"minecraft:furnace":2,"minecraft:oak_wood":6,"minecraft:cooked_mutton":4,"minecraft:oak_fence_gate":2,"minecraft:stick":24,"minecraft:chest":1,"minecraft:oak_fence":15},"minecraft:killed":{"minecraft:pig":2,"minecraft:sheep":2,"minecraft:zombie":1,"minecraft:cow":7},"minecraft:mined":{"minecraft:white_bed":2,"minecraft:dandelion":1,"minecraft:oak_fence":4,"minecraft:short_grass":129,"minecraft:oak_wood":2,"minecraft:grass_block":160,"minecraft:tall_grass":26,"minecraft:spruce_leaves":8,"minecraft:oak_planks":1,"minecraft:oxeye_daisy":1,"minecraft:wall_torch":2,"minecraft:furnace":2,"minecraft:carrots":8,"minecraft:iron_ore":3,"minecraft:wheat":11,"minecraft:sweet_berry_bush":3,"minecraft:spruce_log":48,"minecraft:stripped_oak_wood":1,"minecraft:yellow_bed":1,"minecraft:azure_bluet":1,"minecraft:pointed_dripstone":1,"minecraft:oak_log":33,"minecraft:coal_ore":7,"minecraft:beetroots":4,"minecraft:dirt":29,"minecraft:stripped_oak_log":1,"minecraft:stone":29,"minecraft:oak_leaves":2},"minecraft:dropped":{"minecraft:stone_axe":2,"minecraft:sweet_berries":2,"minecraft:wheat_seeds":38,"minecraft:cooked_beef":7,"minecraft:pointed_dripstone":1,"minecraft:raw_iron":3,"minecraft:rotten_flesh":5,"minecraft:oak_planks":39,"minecraft:azure_bluet":1,"minecraft:oxeye_daisy":1,"minecraft:dirt":1,"minecraft:wooden_axe":1,"minecraft:beetroot_seeds":9,"minecraft:spider_eye":1,"minecraft:spruce_log":64,"minecraft:wooden_pickaxe":1,"minecraft:stone_pickaxe":1,"minecraft:spruce_sapling":3,"minecraft:bone":1},"minecraft:used":{"minecraft:beetroot":4,"minecraft:oak_fence":14,"minecraft:cooked_mutton":3,"minecraft:stone_pickaxe":41,"minecraft:oak_planks":3,"minecraft:chest":1,"minecraft:diamond_axe":61,"minecraft:wooden_shovel":125,"minecraft:torch":5,"minecraft:dirt":176,"minecraft:crafting_table":3,"minecraft:carrot":9,"minecraft:white_bed":2,"minecraft:oak_wood":3,"minecraft:spruce_log":1,"minecraft:oak_fence_gate":2,"minecraft:wooden_axe":11,"minecraft:string":1,"minecraft:stone_axe":63,"minecraft:cobblestone":8,"minecraft:furnace":4,"minecraft:cooked_porkchop":4,"minecraft:egg":2,"minecraft:cooked_beef":4,"minecraft:dandelion":1}},"DataVersion":3953}