{"stats":{"minecraft:custom":{"minecraft:time_since_rest":16853,"minecraft:interact_with_furnace":35,"minecraft:sprint_one_cm":74888,"minecraft:damage_taken":202,"minecraft:walk_one_cm":28677,"minecraft:mob_kills":19,"minecraft:drop":4,"minecraft:damage_dealt":1101,"minecraft:swim_one_cm":19641,"minecraft:interact_with_crafting_table":12,"minecraft:fly_one_cm":87393,"minecraft:player_kills":1,"minecraft:open_chest":4,"minecraft:crouch_one_cm":2495,"minecraft:play_time":16853,"minecraft:sneak_time":775,"minecraft:walk_under_water_one_cm":6928,"minecraft:jump":479,"minecraft:leave_game":1,"minecraft:walk_on_water_one_cm":7622,"minecraft:time_since_death":16853,"minecraft:total_world_time":16853,"minecraft:fall_one_cm":11718},"minecraft:crafted":{"minecraft:cooked_beef":1,"minecraft:crafting_table":1,"minecraft:stick":12,"minecraft:wooden_pickaxe":1,"minecraft:stone_pickaxe":2,"minecraft:furnace":1,"minecraft:cooked_salmon":9,"minecraft:birch_planks":36,"minecraft:stone_axe":1,"minecraft:cooked_mutton":1,"minecraft:air":0},"minecraft:mined":{"minecraft:birch_planks":2,"minecraft:tall_seagrass":1,"minecraft:furnace":2,"minecraft:birch_log":24,"minecraft:birch_leaves":6,"minecraft:bee_nest":1,"minecraft:crafting_table":2,"minecraft:short_grass":3,"minecraft:grass_block":3,"minecraft:coal_ore":2,"minecraft:dirt":1,"minecraft:stone":32},"minecraft:picked_up":{"minecraft:birch_log":23,"minecraft:stick":3,"minecraft:crafting_table":2,"minecraft:salmon":14,"minecraft:leather":2,"minecraft:birch_planks":4,"minecraft:dirt":4,"minecraft:cooked_salmon":1,"minecraft:rotten_flesh":2,"minecraft:beef":6,"minecraft:poppy":1,"minecraft:light_gray_wool":1,"minecraft:coal":2,"minecraft:birch_sapling":1,"minecraft:mutton":6,"minecraft:white_wool":3,"minecraft:cobblestone":31,"minecraft:furnace":2},"minecraft:dropped":{"minecraft:cooked_salmon":3,"minecraft:stone_pickaxe":1},"minecraft:killed":{"minecraft:sheep":3,"minecraft:zombie":1,"minecraft:salmon":14,"minecraft:cow":1},"minecraft:used":{"minecraft:cooked_mutton":1,"minecraft:birch_planks":4,"minecraft:stone_pickaxe":30,"minecraft:wooden_pickaxe":11,"minecraft:cooked_salmon":4,"minecraft:stone_axe":50,"minecraft:dirt":1,"minecraft:crafting_table":1,"minecraft:furnace":2}},"DataVersion":3953}