{"stats":{"minecraft:dropped":{"minecraft:stone_hoe":20,"minecraft:iron_ingot":4,"minecraft:wheat_seeds":12,"minecraft:diamond_axe":4,"minecraft:glass_bottle":2,"minecraft:dripstone_block":1,"minecraft:decorated_pot":1,"minecraft:iron_helmet":17,"minecraft:waxed_copper_grate":3,"minecraft:granite":4,"minecraft:saddle":1,"minecraft:chainmail_helmet":1,"minecraft:mutton":30,"minecraft:iron_shovel":4,"minecraft:string":2,"minecraft:gravel":16,"minecraft:stone_axe":3,"minecraft:moss_carpet":1,"minecraft:diamond_block":1,"minecraft:diamond_hoe":16,"minecraft:rotten_flesh":21,"minecraft:oak_planks":4,"minecraft:cooked_mutton":22,"minecraft:chainmail_chestplate":4,"minecraft:carrot":3,"minecraft:big_dripleaf":1,"minecraft:tipped_arrow":6,"minecraft:trident":1,"minecraft:chainmail_boots":12,"minecraft:diamond_pickaxe":1,"minecraft:oak_sapling":2,"minecraft:bow":1,"minecraft:wooden_pickaxe":1,"minecraft:stone_pickaxe":2,"minecraft:waxed_oxidized_copper_grate":3,"minecraft:brick":12},"minecraft:used":{"minecraft:tuff_bricks":5,"minecraft:moss_block":3,"minecraft:trident":3,"minecraft:enchanting_table":1,"minecraft:iron_shovel":101,"minecraft:ladder":5,"minecraft:diamond_hoe":137,"minecraft:decorated_pot":10,"minecraft:chest":4,"minecraft:spruce_planks":32,"minecraft:shield":14,"minecraft:stone":6,"minecraft:iron_sword":153,"minecraft:cooked_chicken":1,"minecraft:cooked_salmon":2,"minecraft:rotten_flesh":2,"minecraft:trial_key":1,"minecraft:stick":1,"minecraft:torch":27,"minecraft:bookshelf":17,"minecraft:iron_axe":225,"minecraft:bow":28,"minecraft:sweet_berries":29,"minecraft:furnace":10,"minecraft:egg":2,"minecraft:cooked_beef":13,"minecraft:cobbled_deepslate":4,"minecraft:iron_leggings":1,"minecraft:cooked_mutton":11,"minecraft:diorite":2,"minecraft:stone_pickaxe":65,"minecraft:oak_planks":28,"minecraft:wooden_pickaxe":5,"minecraft:cauldron":4,"minecraft:sugar_cane":6,"minecraft:diamond_axe":691,"minecraft:fletching_table":19,"minecraft:golden_apple":1,"minecraft:glow_berries":14,"minecraft:crafting_table":8,"minecraft:white_bed":2,"minecraft:spruce_log":11,"minecraft:diamond_pickaxe":193,"minecraft:wind_charge":2,"minecraft:bread":45,"minecraft:iron_pickaxe":113,"minecraft:spruce_sapling":34,"minecraft:gravel":74,"minecraft:stone_axe":66,"minecraft:cobblestone":53,"minecraft:grindstone":1,"minecraft:smithing_table":1,"minecraft:yellow_bed":2,"minecraft:bone_meal":31},"minecraft:killed_by":{"minecraft:skeleton":1},"minecraft:crafted":{"minecraft:grindstone":1,"minecraft:oak_planks":44,"minecraft:diamond_hoe":12,"minecraft:wind_charge":4,"minecraft:furnace":7,"minecraft:stone":15,"minecraft:bone_meal":39,"minecraft:bookshelf":17,"minecraft:cooked_mutton":2,"minecraft:iron_boots":1,"minecraft:iron_axe":1,"minecraft:ladder":12,"minecraft:stone_pickaxe":2,"minecraft:chest":4,"minecraft:stone_hoe":10,"minecraft:wheat":163,"minecraft:cooked_beef":13,"minecraft:emerald":208,"minecraft:diamond_axe":3,"minecraft:crafting_table":4,"minecraft:spruce_planks":3144,"minecraft:enchanting_table":1,"minecraft:wooden_pickaxe":1,"minecraft:iron_helmet":11,"minecraft:iron_sword":1,"minecraft:chainmail_chestplate":4,"minecraft:smithing_table":1,"minecraft:cooked_salmon":2,"minecraft:fletching_table":4,"minecraft:stone_axe":1,"minecraft:bread":72,"minecraft:air":0,"minecraft:iron_chestplate":1,"minecraft:diamond_pickaxe":2,"minecraft:chainmail_boots":12,"minecraft:shield":1,"minecraft:stick":6020,"minecraft:stone_slab":6,"minecraft:iron_pickaxe":1,"minecraft:iron_ingot":57,"minecraft:iron_shovel":3,"minecraft:iron_leggings":1,"minecraft:torch":40},"minecraft:picked_up":{"minecraft:waxed_oxidized_cut_copper":4,"minecraft:crafting_table":4,"minecraft:iron_chestplate":1,"minecraft:ominous_bottle":1,"minecraft:flower_pot":2,"minecraft:brick":45,"minecraft:wind_charge":2,"minecraft:string":2,"minecraft:moss_carpet":2,"minecraft:iron_axe":2,"minecraft:cooked_salmon":3,"minecraft:iron_leggings":1,"minecraft:iron_shovel":2,"minecraft:cobbled_deepslate":4,"minecraft:spruce_planks":52,"minecraft:beef":15,"minecraft:trial_key":4,"minecraft:iron_pickaxe":1,"minecraft:sugar_cane":49,"minecraft:egg":2,"minecraft:diamond_hoe":13,"minecraft:iron_boots":1,"minecraft:furnace":4,"minecraft:tipped_arrow":12,"minecraft:stick":32,"minecraft:raw_iron":76,"minecraft:big_dripleaf":2,"minecraft:composter":4,"minecraft:torch":8,"minecraft:porkchop":6,"minecraft:waxed_copper_grate":3,"minecraft:diorite":2,"minecraft:trident":1,"minecraft:carrot":3,"minecraft:redstone":16,"minecraft:cauldron":4,"minecraft:honey_bottle":2,"minecraft:arrow":44,"minecraft:rotten_flesh":24,"minecraft:decorated_pot":12,"minecraft:hay_block":3,"minecraft:saddle":2,"minecraft:tuff_bricks":20,"minecraft:obsidian":4,"minecraft:glow_berries":14,"minecraft:mutton":2,"minecraft:cobblestone":184,"minecraft:white_wool":1,"minecraft:andesite":5,"minecraft:salmon":4,"minecraft:leather":8,"minecraft:flint":10,"minecraft:oak_log":11,"minecraft:yellow_bed":2,"minecraft:lapis_lazuli":170,"minecraft:dirt":21,"minecraft:white_banner":3,"minecraft:bone":19,"minecraft:bow":2,"minecraft:wheat_seeds":24,"minecraft:iron_ingot":41,"minecraft:cooked_chicken":1,"minecraft:bolt_armor_trim_smithing_template":2,"minecraft:scrape_pottery_sherd":1,"minecraft:glass_bottle":2,"minecraft:fletching_table":15,"minecraft:glowstone_dust":4,"minecraft:moss_block":3,"minecraft:oak_planks":12,"minecraft:iron_sword":1,"minecraft:stone_hoe":10,"minecraft:book":39,"minecraft:emerald_block":1,"minecraft:sweet_berries":29,"minecraft:dripstone_block":1,"minecraft:gravel":90,"minecraft:diamond_block":2,"minecraft:stripped_spruce_log":1,"minecraft:spruce_sapling":47,"minecraft:dead_bush":1,"minecraft:white_bed":2,"minecraft:spruce_log":935,"minecraft:spider_eye":1,"minecraft:diamond":13,"minecraft:stone_axe":3,"minecraft:waxed_oxidized_copper_grate":3,"minecraft:breeze_rod":6,"minecraft:iron_helmet":8,"minecraft:granite":4,"minecraft:diamond_axe":2,"minecraft:golden_apple":2,"minecraft:chainmail_helmet":1,"minecraft:bread":3,"minecraft:emerald":49,"minecraft:lingering_potion":2,"minecraft:oak_sapling":2,"minecraft:coal":131,"minecraft:diamond_pickaxe":1},"minecraft:mined":{"minecraft:diamond_ore":3,"minecraft:white_bed":2,"minecraft:deepslate_diamond_ore":5,"minecraft:obsidian":4,"minecraft:potted_dead_bush":1,"minecraft:granite":4,"minecraft:grass_block":4,"minecraft:decorated_pot":24,"minecraft:spruce_leaves":145,"minecraft:composter":4,"minecraft:moss_block":3,"minecraft:tuff_bricks":15,"minecraft:large_fern":2,"minecraft:hay_block":3,"minecraft:waxed_oxidized_cut_copper":4,"minecraft:spruce_sapling":2,"minecraft:furnace":4,"minecraft:waxed_copper_grate":3,"minecraft:iron_ore":45,"minecraft:cobbled_deepslate":2,"minecraft:andesite":5,"minecraft:stripped_spruce_log":1,"minecraft:fletching_table":15,"minecraft:deepslate_lapis_ore":8,"minecraft:bookshelf":13,"minecraft:water_cauldron":4,"minecraft:cave_vines":1,"minecraft:deepslate_iron_ore":19,"minecraft:waxed_weathered_copper_bulb":1,"minecraft:stone":156,"minecraft:crafting_table":5,"minecraft:short_grass":74,"minecraft:tall_grass":41,"minecraft:cobblestone":1,"minecraft:lapis_ore":4,"minecraft:sugar_cane":20,"minecraft:oak_planks":4,"minecraft:diorite":2,"minecraft:wall_torch":3,"minecraft:big_dripleaf":1,"minecraft:waxed_copper_bulb":1,"minecraft:waxed_oxidized_copper_grate":4,"minecraft:sweet_berry_bush":1,"minecraft:spruce_log":755,"minecraft:waxed_copper_block":2,"minecraft:yellow_bed":2,"minecraft:oak_log":11,"minecraft:coal_ore":44,"minecraft:flower_pot":1,"minecraft:dripstone_block":1,"minecraft:gravel":100,"minecraft:dirt":7,"minecraft:deepslate":5,"minecraft:oak_leaves":5,"minecraft:fern":2},"minecraft:custom":{"minecraft:interact_with_smithing_table":1,"minecraft:mob_kills":82,"minecraft:interact_with_crafting_table":49,"minecraft:open_barrel":12,"minecraft:bell_ring":28,"minecraft:leave_game":4,"minecraft:time_since_death":164769,"minecraft:climb_one_cm":4827,"minecraft:sprint_one_cm":553997,"minecraft:walk_one_cm":314120,"minecraft:damage_blocked_by_shield":350,"minecraft:drop":115,"minecraft:talked_to_villager":80,"minecraft:raid_win":1,"minecraft:play_time":192260,"minecraft:deaths":1,"minecraft:sneak_time":5746,"minecraft:walk_under_water_one_cm":4918,"minecraft:jump":5539,"minecraft:walk_on_water_one_cm":14483,"minecraft:enchant_item":2,"minecraft:total_world_time":192260,"minecraft:interact_with_furnace":83,"minecraft:traded_with_villager":260,"minecraft:interact_with_grindstone":1,"minecraft:sleep_in_bed":5,"minecraft:time_since_rest":7182,"minecraft:damage_taken":4048,"minecraft:damage_dealt":14763,"minecraft:swim_one_cm":31981,"minecraft:fly_one_cm":1291849,"minecraft:player_kills":1,"minecraft:open_chest":112,"minecraft:crouch_one_cm":15768,"minecraft:fall_one_cm":136147,"minecraft:inspect_dispenser":11,"minecraft:horse_one_cm":21427},"minecraft:killed":{"minecraft:bogged":8,"minecraft:witch":1,"minecraft:vindicator":3,"minecraft:spider":4,"minecraft:skeleton":13,"minecraft:drowned":1,"minecraft:husk":3,"minecraft:pig":3,"minecraft:salmon":5,"minecraft:ravager":2,"minecraft:sheep":1,"minecraft:pillager":7,"minecraft:zombie":22,"minecraft:breeze":2,"minecraft:cow":7}},"DataVersion":3953}