{"stats":{"minecraft:killed":{"minecraft:sheep":1,"minecraft:zombie":2,"minecraft:pig":1},"minecraft:killed_by":{"minecraft:spider":1},"minecraft:mined":{"minecraft:grass":15,"minecraft:tall_grass":6},"minecraft:custom":{"minecraft:open_chest":3,"minecraft:time_since_rest":4450,"minecraft:sprint_one_cm":16972,"minecraft:play_time":5566,"minecraft:deaths":1,"minecraft:damage_taken":626,"minecraft:walk_one_cm":7263,"minecraft:walk_under_water_one_cm":60,"minecraft:mob_kills":4,"minecraft:jump":185,"minecraft:damage_dealt":589,"minecraft:leave_game":5,"minecraft:walk_on_water_one_cm":4,"minecraft:time_since_death":4010,"minecraft:total_world_time":5566,"minecraft:fall_one_cm":5941,"minecraft:fly_one_cm":40327},"minecraft:used":{"minecraft:bread":2,"minecraft:iron_pickaxe":2},"minecraft:picked_up":{"minecraft:rotten_flesh":2,"minecraft:wheat_seeds":6,"minecraft:porkchop":2,"minecraft:mutton":1,"minecraft:dirt":14,"minecraft:white_wool":1}},"DataVersion":3465}