{"stats":{"minecraft:killed_by":{"minecraft:drowned":3,"minecraft:skeleton":1,"minecraft:zombie":1},"minecraft:crafted":{"minecraft:oak_planks":96,"minecraft:crafting_table":2,"minecraft:stick":16,"minecraft:wooden_pickaxe":2,"minecraft:cooked_chicken":4,"minecraft:stone_pickaxe":2,"minecraft:stone_sword":2,"minecraft:furnace":2,"minecraft:stone_axe":2,"minecraft:air":0,"minecraft:cooked_mutton":11},"minecraft:mined":{"minecraft:furnace":3,"minecraft:crafting_table":1,"minecraft:short_grass":34,"minecraft:grass_block":6,"minecraft:coal_ore":40,"minecraft:oak_log":24,"minecraft:dirt":7,"minecraft:tall_grass":18,"minecraft:cobblestone":3,"minecraft:stone":70,"minecraft:oak_leaves":1},"minecraft:used":{"minecraft:cooked_mutton":6,"minecraft:stone_sword":63,"minecraft:stone_pickaxe":120,"minecraft:oak_planks":10,"minecraft:wooden_pickaxe":10,"minecraft:rotten_flesh":3,"minecraft:stone_axe":36,"minecraft:dirt":8,"minecraft:cobblestone":3,"minecraft:crafting_table":2,"minecraft:furnace":4,"minecraft:egg":1},"minecraft:picked_up":{"minecraft:crafting_table":4,"minecraft:stick":3,"minecraft:feather":14,"minecraft:chicken":10,"minecraft:brown_wool":1,"minecraft:oak_log":24,"minecraft:dirt":53,"minecraft:spider_eye":6,"minecraft:string":24,"minecraft:bone":25,"minecraft:cooked_mutton":2,"minecraft:stone_sword":3,"minecraft:arrow":22,"minecraft:rotten_flesh":13,"minecraft:stone_axe":4,"minecraft:wheat_seeds":12,"minecraft:stone_pickaxe":3,"minecraft:light_gray_wool":3,"minecraft:oak_sapling":5,"minecraft:mutton":18,"minecraft:oak_planks":45,"minecraft:coal":154,"minecraft:furnace":6,"minecraft:white_wool":20,"minecraft:cobblestone":153,"minecraft:egg":4},"minecraft:custom":{"minecraft:time_since_rest":21653,"minecraft:interact_with_furnace":26,"minecraft:sprint_one_cm":82881,"minecraft:damage_taken":1693,"minecraft:walk_one_cm":36946,"minecraft:mob_kills":32,"minecraft:damage_dealt":4126,"minecraft:swim_one_cm":24048,"minecraft:interact_with_crafting_table":14,"minecraft:fly_one_cm":182580,"minecraft:play_time":59326,"minecraft:crouch_one_cm":3643,"minecraft:sneak_time":1833,"minecraft:deaths":5,"minecraft:walk_under_water_one_cm":3953,"minecraft:jump":873,"minecraft:leave_game":2,"minecraft:time_since_death":21623,"minecraft:walk_on_water_one_cm":5989,"minecraft:total_world_time":59326,"minecraft:fall_one_cm":34272},"minecraft:killed":{"minecraft:sheep":8,"minecraft:skeleton":6,"minecraft:zombie":4,"minecraft:chicken":7,"minecraft:spider":3,"minecraft:drowned":3}},"DataVersion":3953}