{"stats":{"minecraft:used":{"minecraft:stone_sword":49,"minecraft:flint_and_steel":10,"minecraft:chest":5,"minecraft:shield":96,"minecraft:cooked_salmon":15,"minecraft:cooked_chicken":1,"minecraft:rotten_flesh":2,"minecraft:netherrack":183,"minecraft:iron_chestplate":1,"minecraft:torch":46,"minecraft:mutton":2,"minecraft:dirt":25,"minecraft:warped_wart_block":9,"minecraft:twisting_vines":6,"minecraft:golden_shovel":1,"minecraft:lava_bucket":11,"minecraft:iron_axe":160,"minecraft:warped_nylium":9,"minecraft:furnace":15,"minecraft:cooked_beef":9,"minecraft:cobbled_deepslate":7,"minecraft:golden_boots":1,"minecraft:cooked_mutton":4,"minecraft:water_bucket":1,"minecraft:birch_planks":109,"minecraft:stone_pickaxe":166,"minecraft:wooden_pickaxe":56,"minecraft:warped_roots":4,"minecraft:golden_apple":1,"minecraft:crafting_table":15,"minecraft:white_bed":2,"minecraft:warped_planks":114,"minecraft:diamond_pickaxe":160,"minecraft:string":2,"minecraft:iron_pickaxe":189,"minecraft:gravel":16,"minecraft:stone_axe":89,"minecraft:nether_wart_block":1,"minecraft:diamond_sword":245,"minecraft:cobblestone":28,"minecraft:cooked_porkchop":39,"minecraft:andesite":13,"minecraft:bucket":13},"minecraft:picked_up":{"minecraft:wooden_axe":1,"minecraft:crafting_table":8,"minecraft:iron_chestplate":2,"minecraft:chicken":5,"minecraft:nether_wart":20,"minecraft:brown_mushroom":1,"minecraft:golden_shovel":1,"minecraft:diamond_horse_armor":1,"minecraft:shield":4,"minecraft:string":11,"minecraft:iron_axe":1,"minecraft:cooked_salmon":1,"minecraft:flint_and_steel":2,"minecraft:iron_leggings":2,"minecraft:gold_nugget":154,"minecraft:cobbled_deepslate":7,"minecraft:beef":8,"minecraft:poppy":2,"minecraft:iron_pickaxe":2,"minecraft:light_gray_wool":1,"minecraft:chest":1,"minecraft:birch_sapling":1,"minecraft:iron_boots":1,"minecraft:furnace":11,"minecraft:golden_helmet":1,"minecraft:stick":28,"minecraft:raw_iron":56,"minecraft:torch":24,"minecraft:fire_charge":1,"minecraft:porkchop":7,"minecraft:diorite":1,"minecraft:warped_planks":1,"minecraft:stone_sword":2,"minecraft:arrow":10,"minecraft:rotten_flesh":30,"minecraft:nether_bricks":29,"minecraft:saddle":1,"minecraft:blaze_rod":7,"minecraft:mutton":22,"minecraft:white_wool":13,"minecraft:cobblestone":105,"minecraft:birch_log":43,"minecraft:feather":4,"minecraft:cooked_beef":6,"minecraft:magma_cream":1,"minecraft:andesite":14,"minecraft:water_bucket":1,"minecraft:salmon":25,"minecraft:leather":12,"minecraft:golden_leggings":2,"minecraft:potato":1,"minecraft:birch_planks":83,"minecraft:flint":4,"minecraft:tuff":2,"minecraft:golden_boots":3,"minecraft:nether_wart_block":2,"minecraft:wither_skeleton_skull":1,"minecraft:lapis_lazuli":12,"minecraft:dirt":27,"minecraft:twisting_vines":14,"minecraft:cooked_mutton":5,"minecraft:bone":22,"minecraft:wheat_seeds":4,"minecraft:raw_gold":7,"minecraft:warped_stem":42,"minecraft:birch_wood":1,"minecraft:iron_ingot":9,"minecraft:stone_pickaxe":2,"minecraft:iron_sword":2,"minecraft:warped_fungus":5,"minecraft:cooked_porkchop":63,"minecraft:quartz":3,"minecraft:warped_wart_block":14,"minecraft:gravel":16,"minecraft:spider_eye":5,"minecraft:diamond":14,"minecraft:stone_axe":1,"minecraft:rib_armor_trim_smithing_template":1,"minecraft:iron_helmet":2,"minecraft:granite":1,"minecraft:golden_apple":1,"minecraft:golden_horse_armor":1,"minecraft:warped_roots":21,"minecraft:netherrack":213,"minecraft:warped_nylium":11,"minecraft:coal":89,"minecraft:crimson_roots":4,"minecraft:ender_pearl":18},"minecraft:dropped":{"minecraft:golden_boots":2,"minecraft:iron_sword":2,"minecraft:golden_helmet":1,"minecraft:cooked_porkchop":65,"minecraft:iron_helmet":1,"minecraft:granite":1,"minecraft:stick":1,"minecraft:diorite":1,"minecraft:cooked_salmon":3,"minecraft:iron_leggings":1,"minecraft:gold_nugget":1,"minecraft:iron_pickaxe":1,"minecraft:stone_axe":2,"minecraft:stone_sword":1,"minecraft:tuff":2,"minecraft:birch_sapling":1,"minecraft:rotten_flesh":2,"minecraft:light_gray_wool":1,"minecraft:iron_boots":1,"minecraft:cooked_mutton":2,"minecraft:nether_bricks":2,"minecraft:poppy":1,"minecraft:shield":2,"minecraft:iron_chestplate":2,"minecraft:andesite":1,"minecraft:golden_leggings":2,"minecraft:wooden_pickaxe":1,"minecraft:stone_pickaxe":3,"minecraft:netherrack":3},"minecraft:killed":{"minecraft:spider":8,"minecraft:skeleton":7,"minecraft:chicken":2,"minecraft:drowned":1,"minecraft:magma_cube":5,"minecraft:piglin":1,"minecraft:pig":4,"minecraft:salmon":25,"minecraft:hoglin":5,"minecraft:creeper":1,"minecraft:sheep":8,"minecraft:zombie":12,"minecraft:wither_skeleton":14,"minecraft:blaze":12,"minecraft:cow":2,"minecraft:enderman":23},"minecraft:custom":{"minecraft:mob_kills":134,"minecraft:interact_with_crafting_table":83,"minecraft:leave_game":4,"minecraft:time_since_death":58584,"minecraft:climb_one_cm":5183,"minecraft:sprint_one_cm":635796,"minecraft:walk_one_cm":405254,"minecraft:damage_blocked_by_shield":2208,"minecraft:drop":43,"minecraft:play_time":184712,"minecraft:deaths":4,"minecraft:sneak_time":15122,"minecraft:walk_under_water_one_cm":19182,"minecraft:jump":5788,"minecraft:walk_on_water_one_cm":27080,"minecraft:total_world_time":184712,"minecraft:interact_with_furnace":145,"minecraft:time_since_rest":58613,"minecraft:damage_taken":6705,"minecraft:damage_absorbed":40,"minecraft:damage_dealt":25260,"minecraft:player_kills":1,"minecraft:swim_one_cm":49015,"minecraft:fly_one_cm":995075,"minecraft:open_chest":53,"minecraft:crouch_one_cm":52468,"minecraft:fall_one_cm":182609},"minecraft:mined":{"minecraft:nether_gold_ore":33,"minecraft:tuff":3,"minecraft:deepslate_diamond_ore":7,"minecraft:nether_bricks":2,"minecraft:granite":1,"minecraft:grass_block":7,"minecraft:crimson_roots":6,"minecraft:nether_wart":10,"minecraft:tall_seagrass":3,"minecraft:furnace":9,"minecraft:nether_sprouts":5,"minecraft:iron_ore":51,"minecraft:fire":48,"minecraft:andesite":14,"minecraft:twisting_vines":11,"minecraft:deepslate_iron_ore":1,"minecraft:warped_stem":40,"minecraft:stone":91,"minecraft:brown_mushroom":1,"minecraft:twisting_vines_plant":10,"minecraft:crafting_table":7,"minecraft:torch":1,"minecraft:short_grass":4,"minecraft:warped_roots":22,"minecraft:chest":1,"minecraft:nether_quartz_ore":3,"minecraft:cobblestone":1,"minecraft:lapis_ore":1,"minecraft:deepslate_gold_ore":3,"minecraft:diorite":2,"minecraft:wall_torch":4,"minecraft:warped_wart_block":16,"minecraft:birch_planks":4,"minecraft:warped_nylium":52,"minecraft:warped_planks":1,"minecraft:nether_wart_block":1,"minecraft:birch_log":43,"minecraft:birch_leaves":7,"minecraft:warped_fungus":1,"minecraft:bee_nest":1,"minecraft:coal_ore":55,"minecraft:gravel":5,"minecraft:dirt":13,"minecraft:netherrack":178,"minecraft:gold_ore":4,"minecraft:deepslate":9},"minecraft:crafted":{"minecraft:cooked_chicken":1,"minecraft:furnace":5,"minecraft:cooked_mutton":1,"minecraft:warped_planks":152,"minecraft:iron_boots":2,"minecraft:iron_axe":1,"minecraft:stone_pickaxe":4,"minecraft:chest":5,"minecraft:golden_helmet":2,"minecraft:golden_boots":3,"minecraft:cooked_beef":3,"minecraft:diamond_sword":1,"minecraft:cooked_porkchop":52,"minecraft:crafting_table":8,"minecraft:wooden_pickaxe":3,"minecraft:iron_helmet":2,"minecraft:iron_sword":2,"minecraft:cooked_salmon":20,"minecraft:bucket":1,"minecraft:birch_planks":176,"minecraft:stone_axe":3,"minecraft:air":0,"minecraft:iron_chestplate":4,"minecraft:shield":4,"minecraft:stick":44,"minecraft:iron_ingot":63,"minecraft:iron_pickaxe":2,"minecraft:stone_sword":2,"minecraft:gold_ingot":20,"minecraft:iron_leggings":3,"minecraft:white_bed":2,"minecraft:torch":32},"minecraft:killed_by":{"minecraft:wither_skeleton":1},"minecraft:broken":{"minecraft:iron_axe":1}},"DataVersion":3953}