{"stats":{"minecraft:custom":{"minecraft:interact_with_furnace":66,"minecraft:mob_kills":23,"minecraft:interact_with_crafting_table":26,"minecraft:leave_game":1,"minecraft:time_since_death":28853,"minecraft:time_since_rest":28853,"minecraft:sprint_one_cm":97823,"minecraft:damage_taken":496,"minecraft:walk_one_cm":46483,"minecraft:drop":9,"minecraft:damage_dealt":1979,"minecraft:swim_one_cm":20830,"minecraft:player_kills":1,"minecraft:fly_one_cm":116763,"minecraft:open_chest":4,"minecraft:crouch_one_cm":6475,"minecraft:play_time":28853,"minecraft:sneak_time":2214,"minecraft:walk_under_water_one_cm":7786,"minecraft:jump":748,"minecraft:walk_on_water_one_cm":11122,"minecraft:total_world_time":28853,"minecraft:fall_one_cm":19933},"minecraft:crafted":{"minecraft:cooked_beef":1,"minecraft:crafting_table":1,"minecraft:wooden_pickaxe":1,"minecraft:furnace":3,"minecraft:cooked_salmon":9,"minecraft:birch_planks":36,"minecraft:stone_axe":1,"minecraft:cooked_mutton":1,"minecraft:air":0,"minecraft:iron_boots":2,"minecraft:iron_chestplate":2,"minecraft:stick":28,"minecraft:iron_ingot":39,"minecraft:iron_pickaxe":2,"minecraft:stone_pickaxe":2,"minecraft:iron_leggings":2,"minecraft:torch":32},"minecraft:mined":{"minecraft:crafting_table":2,"minecraft:torch":1,"minecraft:granite":1,"minecraft:short_grass":3,"minecraft:grass_block":3,"minecraft:diorite":2,"minecraft:wall_torch":1,"minecraft:tall_seagrass":1,"minecraft:birch_planks":2,"minecraft:furnace":2,"minecraft:birch_log":24,"minecraft:iron_ore":51,"minecraft:andesite":1,"minecraft:birch_leaves":6,"minecraft:bee_nest":1,"minecraft:coal_ore":42,"minecraft:deepslate_iron_ore":1,"minecraft:gravel":5,"minecraft:dirt":1,"minecraft:stone":49,"minecraft:gold_ore":4},"minecraft:picked_up":{"minecraft:birch_log":23,"minecraft:crafting_table":2,"minecraft:andesite":1,"minecraft:salmon":14,"minecraft:leather":6,"minecraft:birch_planks":4,"minecraft:dirt":4,"minecraft:cooked_salmon":1,"minecraft:bone":1,"minecraft:raw_gold":4,"minecraft:beef":6,"minecraft:iron_ingot":5,"minecraft:stone_pickaxe":1,"minecraft:poppy":1,"minecraft:light_gray_wool":1,"minecraft:birch_sapling":1,"minecraft:furnace":2,"minecraft:stick":3,"minecraft:raw_iron":50,"minecraft:torch":17,"minecraft:gravel":16,"minecraft:diorite":1,"minecraft:rotten_flesh":2,"minecraft:granite":1,"minecraft:mutton":6,"minecraft:coal":43,"minecraft:white_wool":3,"minecraft:cobblestone":56},"minecraft:dropped":{"minecraft:iron_boots":1,"minecraft:iron_chestplate":1,"minecraft:cooked_salmon":3,"minecraft:iron_leggings":1,"minecraft:stone_pickaxe":2,"minecraft:iron_pickaxe":1},"minecraft:killed":{"minecraft:salmon":14,"minecraft:skeleton":3,"minecraft:sheep":3,"minecraft:zombie":2,"minecraft:cow":1},"minecraft:used":{"minecraft:cooked_mutton":1,"minecraft:birch_planks":4,"minecraft:stone_pickaxe":81,"minecraft:wooden_pickaxe":11,"minecraft:cooked_salmon":7,"minecraft:torch":11,"minecraft:dirt":1,"minecraft:crafting_table":3,"minecraft:iron_pickaxe":75,"minecraft:stone_axe":61,"minecraft:cobblestone":20,"minecraft:furnace":5}},"DataVersion":3953}