{"stats":{"minecraft:crafted":{"minecraft:furnace":4,"minecraft:cooked_mutton":1,"minecraft:iron_boots":2,"minecraft:iron_axe":1,"minecraft:stone_pickaxe":2,"minecraft:chest":2,"minecraft:golden_boots":2,"minecraft:cooked_beef":3,"minecraft:crafting_table":3,"minecraft:wooden_pickaxe":2,"minecraft:iron_helmet":2,"minecraft:iron_sword":1,"minecraft:cooked_salmon":9,"minecraft:bucket":1,"minecraft:birch_planks":128,"minecraft:stone_axe":1,"minecraft:air":0,"minecraft:iron_chestplate":2,"minecraft:shield":2,"minecraft:stick":32,"minecraft:iron_pickaxe":2,"minecraft:iron_ingot":63,"minecraft:gold_ingot":8,"minecraft:iron_leggings":2,"minecraft:torch":32},"minecraft:custom":{"minecraft:mob_kills":52,"minecraft:interact_with_crafting_table":44,"minecraft:leave_game":3,"minecraft:time_since_death":488,"minecraft:sprint_one_cm":270591,"minecraft:walk_one_cm":133473,"minecraft:damage_blocked_by_shield":653,"minecraft:drop":26,"minecraft:play_time":79962,"minecraft:deaths":2,"minecraft:sneak_time":5746,"minecraft:walk_under_water_one_cm":9321,"minecraft:jump":2542,"minecraft:walk_on_water_one_cm":17957,"minecraft:total_world_time":79962,"minecraft:interact_with_furnace":99,"minecraft:time_since_rest":515,"minecraft:damage_taken":2630,"minecraft:damage_dealt":8112,"minecraft:swim_one_cm":30046,"minecraft:fly_one_cm":437541,"minecraft:player_kills":1,"minecraft:open_chest":14,"minecraft:crouch_one_cm":19354,"minecraft:fall_one_cm":91969},"minecraft:mined":{"minecraft:nether_gold_ore":6,"minecraft:tuff":3,"minecraft:deepslate_diamond_ore":7,"minecraft:granite":1,"minecraft:grass_block":4,"minecraft:crimson_roots":5,"minecraft:tall_seagrass":1,"minecraft:furnace":6,"minecraft:iron_ore":51,"minecraft:fire":24,"minecraft:andesite":1,"minecraft:deepslate_iron_ore":1,"minecraft:stone":61,"minecraft:crafting_table":4,"minecraft:torch":1,"minecraft:short_grass":3,"minecraft:cobblestone":1,"minecraft:lapis_ore":1,"minecraft:deepslate_gold_ore":3,"minecraft:diorite":2,"minecraft:wall_torch":4,"minecraft:birch_planks":3,"minecraft:nether_wart_block":1,"minecraft:birch_log":33,"minecraft:birch_leaves":6,"minecraft:bee_nest":1,"minecraft:coal_ore":42,"minecraft:gravel":5,"minecraft:dirt":8,"minecraft:netherrack":35,"minecraft:gold_ore":4,"minecraft:deepslate":9},"minecraft:picked_up":{"minecraft:wooden_axe":1,"minecraft:crafting_table":4,"minecraft:iron_chestplate":1,"minecraft:chicken":2,"minecraft:shield":1,"minecraft:string":9,"minecraft:cooked_salmon":1,"minecraft:iron_leggings":1,"minecraft:gold_nugget":28,"minecraft:cobbled_deepslate":7,"minecraft:beef":8,"minecraft:poppy":2,"minecraft:iron_pickaxe":1,"minecraft:light_gray_wool":1,"minecraft:birch_sapling":1,"minecraft:iron_boots":1,"minecraft:furnace":6,"minecraft:stick":9,"minecraft:raw_iron":53,"minecraft:torch":19,"minecraft:porkchop":2,"minecraft:diorite":1,"minecraft:arrow":5,"minecraft:rotten_flesh":17,"minecraft:mutton":8,"minecraft:white_wool":7,"minecraft:cobblestone":73,"minecraft:birch_log":32,"minecraft:feather":2,"minecraft:cooked_beef":6,"minecraft:andesite":1,"minecraft:salmon":14,"minecraft:leather":9,"minecraft:birch_planks":40,"minecraft:tuff":2,"minecraft:golden_boots":1,"minecraft:nether_wart_block":1,"minecraft:lapis_lazuli":6,"minecraft:dirt":17,"minecraft:cooked_mutton":5,"minecraft:bone":4,"minecraft:wheat_seeds":2,"minecraft:raw_gold":7,"minecraft:stone_pickaxe":1,"minecraft:iron_ingot":9,"minecraft:iron_sword":1,"minecraft:cooked_porkchop":16,"minecraft:gravel":16,"minecraft:spider_eye":5,"minecraft:diamond":7,"minecraft:iron_helmet":1,"minecraft:granite":1,"minecraft:netherrack":34,"minecraft:coal":71,"minecraft:crimson_roots":3,"minecraft:ender_pearl":1},"minecraft:dropped":{"minecraft:golden_boots":1,"minecraft:iron_sword":1,"minecraft:iron_helmet":1,"minecraft:granite":1,"minecraft:diorite":1,"minecraft:cooked_salmon":3,"minecraft:iron_leggings":1,"minecraft:gold_nugget":1,"minecraft:iron_pickaxe":1,"minecraft:stone_axe":1,"minecraft:tuff":2,"minecraft:birch_sapling":1,"minecraft:rotten_flesh":2,"minecraft:light_gray_wool":1,"minecraft:iron_boots":1,"minecraft:cooked_mutton":2,"minecraft:poppy":1,"minecraft:shield":1,"minecraft:iron_chestplate":1,"minecraft:andesite":1,"minecraft:wooden_pickaxe":1,"minecraft:stone_pickaxe":2,"minecraft:netherrack":3},"minecraft:killed":{"minecraft:spider":7,"minecraft:skeleton":6,"minecraft:chicken":2,"minecraft:piglin":1,"minecraft:salmon":14,"minecraft:hoglin":5,"minecraft:creeper":1,"minecraft:sheep":4,"minecraft:zombie":10,"minecraft:cow":2},"minecraft:used":{"minecraft:flint_and_steel":10,"minecraft:chest":2,"minecraft:shield":21,"minecraft:cooked_salmon":7,"minecraft:rotten_flesh":2,"minecraft:netherrack":31,"minecraft:torch":46,"minecraft:dirt":15,"minecraft:lava_bucket":11,"minecraft:iron_axe":122,"minecraft:furnace":8,"minecraft:cooked_beef":9,"minecraft:cobbled_deepslate":7,"minecraft:golden_boots":1,"minecraft:cooked_mutton":4,"minecraft:water_bucket":1,"minecraft:birch_planks":77,"minecraft:stone_pickaxe":81,"minecraft:wooden_pickaxe":23,"minecraft:crafting_table":7,"minecraft:iron_pickaxe":148,"minecraft:gravel":16,"minecraft:stone_axe":61,"minecraft:cobblestone":20,"minecraft:cooked_porkchop":5,"minecraft:bucket":13}},"DataVersion":3953}