{"stats":{"minecraft:killed_by":{"minecraft:skeleton":2,"minecraft:zombie":1,"minecraft:drowned":3},"minecraft:crafted":{"minecraft:oak_door":3,"minecraft:oak_planks":108,"minecraft:stone_shovel":1,"minecraft:crafting_table":5,"minecraft:spruce_planks":20,"minecraft:wooden_pickaxe":2,"minecraft:cooked_chicken":4,"minecraft:furnace":2,"minecraft:stone_axe":2,"minecraft:bread":12,"minecraft:cooked_mutton":11,"minecraft:air":0,"minecraft:shield":1,"minecraft:iron_axe":1,"minecraft:stick":28,"minecraft:stone_pickaxe":3,"minecraft:stone_sword":2,"minecraft:torch":28,"minecraft:wheat":36},"minecraft:mined":{"minecraft:powder_snow":20,"minecraft:crafting_table":2,"minecraft:short_grass":44,"minecraft:grass_block":8,"minecraft:tall_grass":23,"minecraft:cobblestone":3,"minecraft:spruce_leaves":14,"minecraft:sugar_cane":6,"minecraft:oak_planks":5,"minecraft:hay_block":4,"minecraft:furnace":3,"minecraft:spruce_log":69,"minecraft:oak_log":64,"minecraft:coal_ore":57,"minecraft:gravel":79,"minecraft:sand":2,"minecraft:dirt":9,"minecraft:stone":70,"minecraft:oak_leaves":10},"minecraft:used":{"minecraft:cooked_mutton":10,"minecraft:stone_sword":79,"minecraft:stone_shovel":65,"minecraft:stone_pickaxe":135,"minecraft:oak_planks":24,"minecraft:wooden_pickaxe":25,"minecraft:sugar_cane":12,"minecraft:cooked_chicken":2,"minecraft:rotten_flesh":3,"minecraft:oak_door":1,"minecraft:white_wool":2,"minecraft:dirt":8,"minecraft:sand":2,"minecraft:crafting_table":6,"minecraft:iron_axe":169,"minecraft:bread":14,"minecraft:iron_pickaxe":17,"minecraft:gravel":55,"minecraft:stone_axe":79,"minecraft:cobblestone":3,"minecraft:furnace":4,"minecraft:egg":1},"minecraft:dropped":{"minecraft:wheat_seeds":2,"minecraft:stone_shovel":1,"minecraft:feather":2,"minecraft:oak_planks":14,"minecraft:spider_eye":1,"minecraft:stone_pickaxe":2,"minecraft:wooden_pickaxe":1,"minecraft:string":1,"minecraft:egg":1},"minecraft:custom":{"minecraft:interact_with_furnace":26,"minecraft:mob_kills":65,"minecraft:interact_with_crafting_table":25,"minecraft:leave_game":2,"minecraft:time_since_death":27371,"minecraft:sleep_in_bed":4,"minecraft:time_since_rest":4296,"minecraft:sprint_one_cm":188668,"minecraft:damage_taken":2778,"minecraft:walk_one_cm":90389,"minecraft:drop":10,"minecraft:damage_dealt":9145,"minecraft:swim_one_cm":58245,"minecraft:fly_one_cm":436007,"minecraft:open_chest":5,"minecraft:crouch_one_cm":5329,"minecraft:play_time":125326,"minecraft:deaths":6,"minecraft:sneak_time":3312,"minecraft:walk_under_water_one_cm":8664,"minecraft:jump":2102,"minecraft:walk_on_water_one_cm":13019,"minecraft:total_world_time":125326,"minecraft:fall_one_cm":61780,"minecraft:horse_one_cm":14465},"minecraft:picked_up":{"minecraft:crafting_table":5,"minecraft:feather":16,"minecraft:chicken":10,"minecraft:salmon":1,"minecraft:leather":2,"minecraft:brown_wool":2,"minecraft:wooden_pickaxe":1,"minecraft:flint":4,"minecraft:oak_log":62,"minecraft:gunpowder":2,"minecraft:string":26,"minecraft:dirt":58,"minecraft:cooked_mutton":4,"minecraft:bone":40,"minecraft:wheat_seeds":14,"minecraft:beef":7,"minecraft:iron_ingot":5,"minecraft:stone_pickaxe":5,"minecraft:iron_pickaxe":1,"minecraft:light_gray_wool":3,"minecraft:sugar_cane":12,"minecraft:oak_planks":79,"minecraft:egg":5,"minecraft:furnace":6,"minecraft:stick":11,"minecraft:oak_door":1,"minecraft:gravel":73,"minecraft:porkchop":9,"minecraft:sand":2,"minecraft:spruce_sapling":13,"minecraft:ink_sac":2,"minecraft:spruce_log":69,"minecraft:spider_eye":8,"minecraft:stone_sword":4,"minecraft:arrow":33,"minecraft:rotten_flesh":13,"minecraft:stone_axe":5,"minecraft:hay_block":4,"minecraft:bread":64,"minecraft:oak_sapling":7,"minecraft:mutton":36,"minecraft:coal":171,"minecraft:white_wool":35,"minecraft:cobblestone":164},"minecraft:killed":{"minecraft:pig":4,"minecraft:salmon":1,"minecraft:spider":6,"minecraft:iron_golem":1,"minecraft:creeper":1,"minecraft:sheep":20,"minecraft:skeleton":13,"minecraft:zombie":4,"minecraft:chicken":7,"minecraft:drowned":3,"minecraft:cow":4}},"DataVersion":3953}