{"stats":{"minecraft:killed_by":{"minecraft:drowned":3,"minecraft:skeleton":2,"minecraft:zombie":1},"minecraft:crafted":{"minecraft:oak_door":3,"minecraft:oak_planks":196,"minecraft:stone_shovel":1,"minecraft:oak_pressure_plate":2,"minecraft:cooked_chicken":4,"minecraft:furnace":4,"minecraft:cooked_mutton":14,"minecraft:oak_trapdoor":4,"minecraft:flint_and_steel":1,"minecraft:iron_boots":1,"minecraft:iron_axe":1,"minecraft:stone_pickaxe":3,"minecraft:stone_hoe":1,"minecraft:golden_boots":1,"minecraft:wheat":36,"minecraft:crafting_table":9,"minecraft:spruce_planks":20,"minecraft:wooden_pickaxe":2,"minecraft:iron_sword":1,"minecraft:bucket":2,"minecraft:stone_axe":2,"minecraft:bread":12,"minecraft:air":0,"minecraft:iron_chestplate":1,"minecraft:shield":1,"minecraft:stick":52,"minecraft:iron_ingot":37,"minecraft:stone_sword":2,"minecraft:gold_ingot":4,"minecraft:iron_leggings":1,"minecraft:white_bed":2,"minecraft:torch":72},"minecraft:used":{"minecraft:oak_trapdoor":4,"minecraft:stone_sword":92,"minecraft:flint_and_steel":10,"minecraft:stone_shovel":65,"minecraft:shield":1,"minecraft:iron_sword":53,"minecraft:rotten_flesh":3,"minecraft:stone_hoe":21,"minecraft:cooked_chicken":2,"minecraft:oak_door":2,"minecraft:torch":56,"minecraft:dirt":8,"minecraft:lava_bucket":10,"minecraft:iron_axe":172,"minecraft:furnace":6,"minecraft:egg":1,"minecraft:cobbled_deepslate":36,"minecraft:cooked_mutton":10,"minecraft:water_bucket":1,"minecraft:stone_pickaxe":175,"minecraft:oak_planks":24,"minecraft:wooden_pickaxe":25,"minecraft:sugar_cane":12,"minecraft:white_wool":3,"minecraft:sand":2,"minecraft:crafting_table":10,"minecraft:white_bed":2,"minecraft:diamond_pickaxe":63,"minecraft:bread":31,"minecraft:iron_pickaxe":129,"minecraft:oak_pressure_plate":2,"minecraft:gravel":75,"minecraft:golden_helmet":1,"minecraft:stone_axe":79,"minecraft:cobblestone":50,"minecraft:cooked_porkchop":2,"minecraft:bucket":11},"minecraft:mined":{"minecraft:nether_gold_ore":11,"minecraft:deepslate_diamond_ore":1,"minecraft:oak_door":1,"minecraft:sculk_vein":6,"minecraft:grass_block":8,"minecraft:crimson_roots":9,"minecraft:spruce_leaves":14,"minecraft:crimson_fungus":1,"minecraft:hay_block":4,"minecraft:weeping_vines_plant":3,"minecraft:furnace":3,"minecraft:iron_ore":6,"minecraft:fire":7,"minecraft:deepslate_iron_ore":23,"minecraft:stone":128,"minecraft:crimson_nylium":2,"minecraft:powder_snow":20,"minecraft:crafting_table":2,"minecraft:short_grass":44,"minecraft:nether_quartz_ore":1,"minecraft:cobblestone":5,"minecraft:tall_grass":23,"minecraft:oak_planks":6,"minecraft:sugar_cane":6,"minecraft:sculk":28,"minecraft:wall_torch":1,"minecraft:nether_wart_block":1,"minecraft:spruce_log":69,"minecraft:coal_ore":58,"minecraft:oak_log":64,"minecraft:dirt":13,"minecraft:sand":2,"minecraft:gravel":82,"minecraft:netherrack":28,"minecraft:oak_leaves":10,"minecraft:deepslate":63},"minecraft:custom":{"minecraft:mob_kills":76,"minecraft:interact_with_crafting_table":45,"minecraft:leave_game":2,"minecraft:time_since_death":63371,"minecraft:climb_one_cm":165,"minecraft:sprint_one_cm":293951,"minecraft:walk_one_cm":153747,"minecraft:damage_blocked_by_shield":25,"minecraft:drop":26,"minecraft:play_time":161326,"minecraft:sneak_time":6505,"minecraft:deaths":6,"minecraft:walk_under_water_one_cm":11023,"minecraft:jump":3073,"minecraft:walk_on_water_one_cm":19557,"minecraft:total_world_time":161326,"minecraft:interact_with_furnace":62,"minecraft:sleep_in_bed":4,"minecraft:time_since_rest":40296,"minecraft:damage_taken":3747,"minecraft:damage_dealt":12072,"minecraft:fly_one_cm":553042,"minecraft:swim_one_cm":82564,"minecraft:open_chest":5,"minecraft:crouch_one_cm":16928,"minecraft:fall_one_cm":88533,"minecraft:horse_one_cm":14465},"minecraft:picked_up":{"minecraft:crafting_table":5,"minecraft:chicken":10,"minecraft:wooden_pickaxe":1,"minecraft:string":26,"minecraft:gold_nugget":40,"minecraft:cobbled_deepslate":62,"minecraft:beef":7,"minecraft:iron_pickaxe":1,"minecraft:light_gray_wool":3,"minecraft:sugar_cane":12,"minecraft:furnace":6,"minecraft:egg":5,"minecraft:golden_helmet":2,"minecraft:stick":11,"minecraft:raw_iron":31,"minecraft:oak_door":2,"minecraft:torch":2,"minecraft:porkchop":16,"minecraft:weeping_vines":7,"minecraft:stone_sword":4,"minecraft:arrow":33,"minecraft:rotten_flesh":13,"minecraft:hay_block":4,"minecraft:mutton":36,"minecraft:cobblestone":221,"minecraft:white_wool":35,"minecraft:feather":16,"minecraft:water_bucket":1,"minecraft:salmon":1,"minecraft:brown_wool":2,"minecraft:leather":3,"minecraft:flint":5,"minecraft:oak_log":62,"minecraft:gunpowder":2,"minecraft:dirt":62,"minecraft:cooked_mutton":4,"minecraft:bone":40,"minecraft:wheat_seeds":14,"minecraft:iron_ingot":5,"minecraft:stone_pickaxe":5,"minecraft:oak_planks":80,"minecraft:cooked_porkchop":7,"minecraft:gravel":75,"minecraft:sand":2,"minecraft:spruce_sapling":13,"minecraft:ink_sac":2,"minecraft:spruce_log":69,"minecraft:spider_eye":8,"minecraft:diamond":1,"minecraft:stone_axe":5,"minecraft:bread":64,"minecraft:oak_sapling":7,"minecraft:netherrack":27,"minecraft:coal":172,"minecraft:crimson_roots":6,"minecraft:diamond_pickaxe":4},"minecraft:dropped":{"minecraft:golden_boots":1,"minecraft:stone_hoe":1,"minecraft:wheat_seeds":2,"minecraft:golden_helmet":1,"minecraft:diamond":1,"minecraft:weeping_vines":6,"minecraft:feather":2,"minecraft:crimson_roots":5,"minecraft:string":1,"minecraft:stone_axe":1,"minecraft:stone_sword":1,"minecraft:stone_shovel":1,"minecraft:oak_planks":14,"minecraft:gunpowder":1,"minecraft:diamond_pickaxe":3,"minecraft:spider_eye":1,"minecraft:stone_pickaxe":3,"minecraft:wooden_pickaxe":1,"minecraft:egg":1},"minecraft:killed":{"minecraft:spider":6,"minecraft:skeleton":13,"minecraft:chicken":7,"minecraft:drowned":3,"minecraft:piglin":4,"minecraft:pig":4,"minecraft:salmon":1,"minecraft:iron_golem":1,"minecraft:hoglin":5,"minecraft:creeper":1,"minecraft:sheep":20,"minecraft:zombie":6,"minecraft:cow":4}},"DataVersion":3953}