{"stats":{"minecraft:used":{"minecraft:stone_sword":49,"minecraft:flint_and_steel":10,"minecraft:chest":2,"minecraft:shield":21,"minecraft:cooked_salmon":15,"minecraft:cooked_chicken":1,"minecraft:rotten_flesh":2,"minecraft:netherrack":101,"minecraft:iron_chestplate":1,"minecraft:torch":46,"minecraft:dirt":25,"minecraft:warped_wart_block":8,"minecraft:twisting_vines":1,"minecraft:golden_shovel":1,"minecraft:lava_bucket":11,"minecraft:iron_axe":160,"minecraft:warped_nylium":7,"minecraft:furnace":15,"minecraft:cooked_beef":9,"minecraft:cobbled_deepslate":7,"minecraft:golden_boots":1,"minecraft:cooked_mutton":4,"minecraft:water_bucket":1,"minecraft:birch_planks":101,"minecraft:stone_pickaxe":166,"minecraft:wooden_pickaxe":56,"minecraft:warped_roots":4,"minecraft:golden_apple":1,"minecraft:crafting_table":13,"minecraft:white_bed":2,"minecraft:warped_planks":88,"minecraft:diamond_pickaxe":39,"minecraft:string":2,"minecraft:iron_pickaxe":189,"minecraft:gravel":16,"minecraft:stone_axe":72,"minecraft:nether_wart_block":1,"minecraft:diamond_sword":71,"minecraft:cobblestone":27,"minecraft:cooked_porkchop":13,"minecraft:andesite":11,"minecraft:bucket":13},"minecraft:picked_up":{"minecraft:wooden_axe":1,"minecraft:crafting_table":6,"minecraft:iron_chestplate":2,"minecraft:chicken":5,"minecraft:brown_mushroom":1,"minecraft:golden_shovel":1,"minecraft:shield":3,"minecraft:string":11,"minecraft:iron_axe":1,"minecraft:cooked_salmon":1,"minecraft:flint_and_steel":1,"minecraft:iron_leggings":2,"minecraft:gold_nugget":97,"minecraft:cobbled_deepslate":7,"minecraft:beef":8,"minecraft:poppy":2,"minecraft:iron_pickaxe":2,"minecraft:light_gray_wool":1,"minecraft:birch_sapling":1,"minecraft:iron_boots":1,"minecraft:furnace":11,"minecraft:stick":28,"minecraft:raw_iron":56,"minecraft:torch":24,"minecraft:fire_charge":1,"minecraft:porkchop":7,"minecraft:diorite":1,"minecraft:arrow":10,"minecraft:rotten_flesh":30,"minecraft:mutton":22,"minecraft:white_wool":13,"minecraft:cobblestone":105,"minecraft:birch_log":43,"minecraft:feather":4,"minecraft:cooked_beef":6,"minecraft:andesite":14,"minecraft:water_bucket":1,"minecraft:salmon":25,"minecraft:leather":12,"minecraft:golden_leggings":1,"minecraft:potato":1,"minecraft:birch_planks":82,"minecraft:flint":4,"minecraft:tuff":2,"minecraft:golden_boots":2,"minecraft:nether_wart_block":2,"minecraft:lapis_lazuli":12,"minecraft:dirt":27,"minecraft:twisting_vines":3,"minecraft:cooked_mutton":5,"minecraft:bone":5,"minecraft:wheat_seeds":4,"minecraft:raw_gold":7,"minecraft:warped_stem":28,"minecraft:birch_wood":1,"minecraft:iron_ingot":9,"minecraft:stone_pickaxe":1,"minecraft:iron_sword":1,"minecraft:warped_fungus":4,"minecraft:cooked_porkchop":63,"minecraft:warped_wart_block":8,"minecraft:gravel":16,"minecraft:spider_eye":5,"minecraft:diamond":14,"minecraft:iron_helmet":2,"minecraft:granite":1,"minecraft:golden_apple":1,"minecraft:warped_roots":17,"minecraft:netherrack":118,"minecraft:warped_nylium":7,"minecraft:coal":85,"minecraft:crimson_roots":4,"minecraft:ender_pearl":11},"minecraft:dropped":{"minecraft:golden_boots":1,"minecraft:iron_sword":2,"minecraft:cooked_porkchop":65,"minecraft:iron_helmet":1,"minecraft:granite":1,"minecraft:stick":1,"minecraft:diorite":1,"minecraft:cooked_salmon":3,"minecraft:iron_leggings":1,"minecraft:gold_nugget":1,"minecraft:iron_pickaxe":1,"minecraft:stone_axe":2,"minecraft:stone_sword":1,"minecraft:tuff":2,"minecraft:birch_sapling":1,"minecraft:rotten_flesh":2,"minecraft:light_gray_wool":1,"minecraft:iron_boots":1,"minecraft:cooked_mutton":2,"minecraft:poppy":1,"minecraft:shield":2,"minecraft:iron_chestplate":2,"minecraft:andesite":1,"minecraft:golden_leggings":2,"minecraft:wooden_pickaxe":1,"minecraft:stone_pickaxe":3,"minecraft:netherrack":3},"minecraft:killed":{"minecraft:spider":8,"minecraft:skeleton":7,"minecraft:chicken":2,"minecraft:drowned":1,"minecraft:piglin":1,"minecraft:pig":4,"minecraft:salmon":25,"minecraft:hoglin":5,"minecraft:creeper":1,"minecraft:sheep":8,"minecraft:zombie":12,"minecraft:cow":2,"minecraft:enderman":15},"minecraft:custom":{"minecraft:mob_kills":92,"minecraft:interact_with_crafting_table":75,"minecraft:leave_game":4,"minecraft:time_since_death":22584,"minecraft:climb_one_cm":4567,"minecraft:sprint_one_cm":487150,"minecraft:walk_one_cm":328048,"minecraft:damage_blocked_by_shield":653,"minecraft:drop":40,"minecraft:play_time":148712,"minecraft:deaths":4,"minecraft:sneak_time":11952,"minecraft:walk_under_water_one_cm":19182,"minecraft:jump":4657,"minecraft:walk_on_water_one_cm":27080,"minecraft:total_world_time":148712,"minecraft:interact_with_furnace":145,"minecraft:time_since_rest":22613,"minecraft:damage_taken":4231,"minecraft:damage_absorbed":40,"minecraft:damage_dealt":16263,"minecraft:player_kills":1,"minecraft:swim_one_cm":49015,"minecraft:fly_one_cm":770258,"minecraft:open_chest":32,"minecraft:crouch_one_cm":38880,"minecraft:fall_one_cm":153196},"minecraft:mined":{"minecraft:nether_gold_ore":25,"minecraft:tuff":3,"minecraft:deepslate_diamond_ore":7,"minecraft:granite":1,"minecraft:grass_block":7,"minecraft:crimson_roots":6,"minecraft:tall_seagrass":3,"minecraft:furnace":9,"minecraft:nether_sprouts":5,"minecraft:iron_ore":51,"minecraft:fire":34,"minecraft:andesite":14,"minecraft:twisting_vines":3,"minecraft:deepslate_iron_ore":1,"minecraft:warped_stem":28,"minecraft:stone":91,"minecraft:brown_mushroom":1,"minecraft:crafting_table":6,"minecraft:torch":1,"minecraft:short_grass":4,"minecraft:warped_roots":17,"minecraft:cobblestone":1,"minecraft:lapis_ore":1,"minecraft:deepslate_gold_ore":3,"minecraft:diorite":2,"minecraft:wall_torch":4,"minecraft:warped_wart_block":12,"minecraft:birch_planks":4,"minecraft:warped_nylium":27,"minecraft:nether_wart_block":1,"minecraft:birch_log":43,"minecraft:birch_leaves":7,"minecraft:warped_fungus":1,"minecraft:bee_nest":1,"minecraft:coal_ore":55,"minecraft:gravel":5,"minecraft:dirt":13,"minecraft:netherrack":98,"minecraft:gold_ore":4,"minecraft:deepslate":9},"minecraft:crafted":{"minecraft:cooked_chicken":1,"minecraft:furnace":5,"minecraft:cooked_mutton":1,"minecraft:warped_planks":112,"minecraft:iron_boots":2,"minecraft:iron_axe":1,"minecraft:stone_pickaxe":4,"minecraft:chest":3,"minecraft:golden_boots":2,"minecraft:cooked_beef":3,"minecraft:diamond_sword":1,"minecraft:cooked_porkchop":52,"minecraft:crafting_table":7,"minecraft:wooden_pickaxe":3,"minecraft:iron_helmet":2,"minecraft:iron_sword":2,"minecraft:cooked_salmon":20,"minecraft:bucket":1,"minecraft:birch_planks":176,"minecraft:stone_axe":3,"minecraft:air":0,"minecraft:iron_chestplate":4,"minecraft:shield":4,"minecraft:stick":44,"minecraft:iron_ingot":63,"minecraft:iron_pickaxe":2,"minecraft:stone_sword":2,"minecraft:gold_ingot":15,"minecraft:iron_leggings":3,"minecraft:white_bed":2,"minecraft:torch":32},"minecraft:killed_by":{"minecraft:wither_skeleton":1},"minecraft:broken":{"minecraft:iron_axe":1}},"DataVersion":3953}