{"stats":{"minecraft:used":{"minecraft:flint_and_steel":10,"minecraft:chest":2,"minecraft:shield":21,"minecraft:cooked_chicken":1,"minecraft:cooked_salmon":7,"minecraft:rotten_flesh":2,"minecraft:netherrack":99,"minecraft:torch":46,"minecraft:dirt":17,"minecraft:warped_wart_block":8,"minecraft:twisting_vines":1,"minecraft:golden_shovel":1,"minecraft:lava_bucket":11,"minecraft:iron_axe":160,"minecraft:warped_nylium":7,"minecraft:furnace":10,"minecraft:cooked_beef":9,"minecraft:cobbled_deepslate":7,"minecraft:golden_boots":1,"minecraft:cooked_mutton":4,"minecraft:water_bucket":1,"minecraft:birch_planks":101,"minecraft:stone_pickaxe":128,"minecraft:wooden_pickaxe":23,"minecraft:golden_apple":1,"minecraft:crafting_table":10,"minecraft:warped_planks":84,"minecraft:iron_pickaxe":189,"minecraft:gravel":16,"minecraft:stone_axe":61,"minecraft:nether_wart_block":1,"minecraft:diamond_sword":71,"minecraft:cobblestone":24,"minecraft:cooked_porkchop":13,"minecraft:bucket":13},"minecraft:picked_up":{"minecraft:wooden_axe":1,"minecraft:crafting_table":4,"minecraft:iron_chestplate":2,"minecraft:chicken":5,"minecraft:brown_mushroom":1,"minecraft:golden_shovel":1,"minecraft:shield":3,"minecraft:string":9,"minecraft:iron_axe":1,"minecraft:cooked_salmon":1,"minecraft:flint_and_steel":1,"minecraft:iron_leggings":2,"minecraft:gold_nugget":28,"minecraft:cobbled_deepslate":7,"minecraft:beef":8,"minecraft:poppy":2,"minecraft:iron_pickaxe":2,"minecraft:light_gray_wool":1,"minecraft:birch_sapling":1,"minecraft:iron_boots":1,"minecraft:furnace":10,"minecraft:stick":25,"minecraft:raw_iron":56,"minecraft:torch":24,"minecraft:fire_charge":1,"minecraft:porkchop":2,"minecraft:diorite":1,"minecraft:arrow":10,"minecraft:rotten_flesh":30,"minecraft:mutton":8,"minecraft:white_wool":9,"minecraft:cobblestone":77,"minecraft:birch_log":32,"minecraft:feather":4,"minecraft:cooked_beef":6,"minecraft:water_bucket":1,"minecraft:andesite":1,"minecraft:salmon":14,"minecraft:leather":12,"minecraft:birch_planks":60,"minecraft:flint":4,"minecraft:tuff":2,"minecraft:golden_boots":2,"minecraft:nether_wart_block":2,"minecraft:lapis_lazuli":12,"minecraft:dirt":19,"minecraft:twisting_vines":2,"minecraft:cooked_mutton":5,"minecraft:bone":4,"minecraft:wheat_seeds":4,"minecraft:warped_stem":27,"minecraft:raw_gold":7,"minecraft:birch_wood":1,"minecraft:iron_ingot":9,"minecraft:stone_pickaxe":1,"minecraft:iron_sword":1,"minecraft:warped_fungus":4,"minecraft:cooked_porkchop":27,"minecraft:warped_wart_block":8,"minecraft:gravel":16,"minecraft:spider_eye":5,"minecraft:diamond":14,"minecraft:iron_helmet":2,"minecraft:granite":1,"minecraft:golden_apple":1,"minecraft:warped_roots":17,"minecraft:warped_nylium":7,"minecraft:netherrack":102,"minecraft:coal":71,"minecraft:crimson_roots":4,"minecraft:ender_pearl":11},"minecraft:dropped":{"minecraft:golden_boots":1,"minecraft:iron_sword":1,"minecraft:cooked_porkchop":3,"minecraft:iron_helmet":1,"minecraft:granite":1,"minecraft:diorite":1,"minecraft:cooked_salmon":3,"minecraft:iron_leggings":1,"minecraft:gold_nugget":1,"minecraft:iron_pickaxe":1,"minecraft:stone_axe":1,"minecraft:tuff":2,"minecraft:birch_sapling":1,"minecraft:rotten_flesh":2,"minecraft:light_gray_wool":1,"minecraft:iron_boots":1,"minecraft:cooked_mutton":2,"minecraft:poppy":1,"minecraft:shield":1,"minecraft:iron_chestplate":1,"minecraft:andesite":1,"minecraft:wooden_pickaxe":1,"minecraft:stone_pickaxe":2,"minecraft:netherrack":3},"minecraft:killed":{"minecraft:spider":7,"minecraft:skeleton":6,"minecraft:chicken":2,"minecraft:piglin":1,"minecraft:salmon":14,"minecraft:hoglin":5,"minecraft:creeper":1,"minecraft:sheep":4,"minecraft:zombie":10,"minecraft:enderman":15,"minecraft:cow":2},"minecraft:custom":{"minecraft:mob_kills":68,"minecraft:interact_with_crafting_table":52,"minecraft:leave_game":3,"minecraft:time_since_death":11037,"minecraft:climb_one_cm":4185,"minecraft:sprint_one_cm":412093,"minecraft:walk_one_cm":249239,"minecraft:damage_blocked_by_shield":653,"minecraft:drop":29,"minecraft:play_time":121546,"minecraft:deaths":3,"minecraft:sneak_time":10337,"minecraft:walk_under_water_one_cm":9686,"minecraft:jump":3944,"minecraft:walk_on_water_one_cm":18240,"minecraft:total_world_time":121546,"minecraft:interact_with_furnace":112,"minecraft:time_since_rest":11065,"minecraft:damage_taken":3756,"minecraft:damage_absorbed":40,"minecraft:damage_dealt":14211,"minecraft:fly_one_cm":681429,"minecraft:swim_one_cm":30862,"minecraft:player_kills":1,"minecraft:open_chest":16,"minecraft:crouch_one_cm":34380,"minecraft:fall_one_cm":136546},"minecraft:mined":{"minecraft:nether_gold_ore":6,"minecraft:tuff":3,"minecraft:deepslate_diamond_ore":7,"minecraft:granite":1,"minecraft:grass_block":4,"minecraft:crimson_roots":6,"minecraft:tall_seagrass":1,"minecraft:furnace":8,"minecraft:nether_sprouts":5,"minecraft:iron_ore":51,"minecraft:fire":32,"minecraft:andesite":1,"minecraft:twisting_vines":1,"minecraft:deepslate_iron_ore":1,"minecraft:warped_stem":27,"minecraft:stone":61,"minecraft:brown_mushroom":1,"minecraft:crafting_table":4,"minecraft:torch":1,"minecraft:short_grass":3,"minecraft:warped_roots":17,"minecraft:cobblestone":1,"minecraft:lapis_ore":1,"minecraft:deepslate_gold_ore":3,"minecraft:diorite":2,"minecraft:wall_torch":4,"minecraft:warped_wart_block":12,"minecraft:birch_planks":4,"minecraft:warped_nylium":27,"minecraft:nether_wart_block":1,"minecraft:birch_log":33,"minecraft:birch_leaves":6,"minecraft:warped_fungus":1,"minecraft:bee_nest":1,"minecraft:coal_ore":42,"minecraft:gravel":5,"minecraft:dirt":8,"minecraft:netherrack":80,"minecraft:gold_ore":4,"minecraft:deepslate":9},"minecraft:crafted":{"minecraft:cooked_chicken":1,"minecraft:furnace":4,"minecraft:cooked_mutton":1,"minecraft:warped_planks":108,"minecraft:iron_boots":2,"minecraft:iron_axe":1,"minecraft:stone_pickaxe":2,"minecraft:chest":3,"minecraft:golden_boots":2,"minecraft:cooked_beef":3,"minecraft:diamond_sword":1,"minecraft:crafting_table":6,"minecraft:wooden_pickaxe":2,"minecraft:iron_helmet":2,"minecraft:iron_sword":1,"minecraft:cooked_salmon":9,"minecraft:bucket":1,"minecraft:birch_planks":132,"minecraft:stone_axe":1,"minecraft:air":0,"minecraft:iron_chestplate":2,"minecraft:shield":2,"minecraft:stick":32,"minecraft:iron_pickaxe":2,"minecraft:iron_ingot":63,"minecraft:gold_ingot":8,"minecraft:iron_leggings":2,"minecraft:torch":32},"minecraft:killed_by":{"minecraft:wither_skeleton":1},"minecraft:broken":{"minecraft:iron_axe":1}},"DataVersion":3953}