{"stats":{"minecraft:killed_by":{"minecraft:skeleton":2,"minecraft:zombie":1,"minecraft:drowned":3},"minecraft:crafted":{"minecraft:oak_planks":96,"minecraft:crafting_table":3,"minecraft:wooden_pickaxe":2,"minecraft:cooked_chicken":4,"minecraft:furnace":2,"minecraft:stone_axe":2,"minecraft:bread":12,"minecraft:cooked_mutton":11,"minecraft:air":0,"minecraft:iron_axe":1,"minecraft:stick":20,"minecraft:stone_pickaxe":2,"minecraft:stone_sword":2,"minecraft:wheat":36},"minecraft:mined":{"minecraft:powder_snow":20,"minecraft:crafting_table":2,"minecraft:short_grass":41,"minecraft:grass_block":8,"minecraft:tall_grass":22,"minecraft:cobblestone":3,"minecraft:sugar_cane":6,"minecraft:oak_planks":5,"minecraft:hay_block":4,"minecraft:furnace":3,"minecraft:oak_log":64,"minecraft:coal_ore":40,"minecraft:gravel":14,"minecraft:sand":2,"minecraft:dirt":9,"minecraft:stone":70,"minecraft:oak_leaves":9},"minecraft:used":{"minecraft:cooked_mutton":10,"minecraft:stone_sword":70,"minecraft:stone_pickaxe":135,"minecraft:oak_planks":24,"minecraft:wooden_pickaxe":25,"minecraft:sugar_cane":12,"minecraft:cooked_chicken":2,"minecraft:rotten_flesh":3,"minecraft:white_wool":2,"minecraft:dirt":8,"minecraft:sand":2,"minecraft:crafting_table":4,"minecraft:iron_axe":66,"minecraft:bread":5,"minecraft:stone_axe":79,"minecraft:cobblestone":3,"minecraft:furnace":4,"minecraft:egg":1},"minecraft:dropped":{"minecraft:wooden_pickaxe":1},"minecraft:custom":{"minecraft:interact_with_furnace":26,"minecraft:mob_kills":53,"minecraft:interact_with_crafting_table":21,"minecraft:leave_game":2,"minecraft:time_since_death":15371,"minecraft:sleep_in_bed":2,"minecraft:time_since_rest":10663,"minecraft:sprint_one_cm":157779,"minecraft:damage_taken":2448,"minecraft:walk_one_cm":75587,"minecraft:drop":1,"minecraft:damage_dealt":7625,"minecraft:swim_one_cm":39105,"minecraft:fly_one_cm":370015,"minecraft:open_chest":5,"minecraft:crouch_one_cm":5262,"minecraft:play_time":113326,"minecraft:deaths":6,"minecraft:sneak_time":2923,"minecraft:walk_under_water_one_cm":5405,"minecraft:jump":1738,"minecraft:walk_on_water_one_cm":10356,"minecraft:total_world_time":113326,"minecraft:fall_one_cm":50481,"minecraft:horse_one_cm":14465},"minecraft:picked_up":{"minecraft:crafting_table":5,"minecraft:feather":16,"minecraft:chicken":10,"minecraft:salmon":1,"minecraft:brown_wool":2,"minecraft:wooden_pickaxe":1,"minecraft:oak_log":62,"minecraft:gunpowder":2,"minecraft:string":26,"minecraft:dirt":58,"minecraft:cooked_mutton":4,"minecraft:bone":34,"minecraft:wheat_seeds":14,"minecraft:iron_ingot":5,"minecraft:stone_pickaxe":4,"minecraft:light_gray_wool":3,"minecraft:sugar_cane":12,"minecraft:oak_planks":79,"minecraft:egg":5,"minecraft:furnace":6,"minecraft:stick":4,"minecraft:gravel":14,"minecraft:porkchop":9,"minecraft:sand":2,"minecraft:ink_sac":2,"minecraft:spider_eye":8,"minecraft:stone_sword":4,"minecraft:arrow":28,"minecraft:rotten_flesh":13,"minecraft:stone_axe":5,"minecraft:hay_block":4,"minecraft:oak_sapling":6,"minecraft:mutton":30,"minecraft:coal":154,"minecraft:white_wool":31,"minecraft:cobblestone":164},"minecraft:killed":{"minecraft:pig":4,"minecraft:salmon":1,"minecraft:spider":6,"minecraft:iron_golem":1,"minecraft:creeper":1,"minecraft:sheep":16,"minecraft:skeleton":9,"minecraft:zombie":4,"minecraft:chicken":7,"minecraft:drowned":3}},"DataVersion":3953}