{"stats":{"minecraft:dropped":{"minecraft:stone_hoe":20,"minecraft:wheat_seeds":4,"minecraft:diamond_axe":4,"minecraft:iron_shovel":3,"minecraft:string":2,"minecraft:gravel":15,"minecraft:stone_axe":1,"minecraft:moss_carpet":1,"minecraft:diamond_hoe":15,"minecraft:rotten_flesh":3,"minecraft:big_dripleaf":1,"minecraft:wooden_pickaxe":1,"minecraft:stone_pickaxe":2},"minecraft:used":{"minecraft:moss_block":3,"minecraft:enchanting_table":1,"minecraft:iron_shovel":100,"minecraft:diamond_hoe":137,"minecraft:chest":4,"minecraft:spruce_planks":18,"minecraft:iron_sword":72,"minecraft:cooked_salmon":2,"minecraft:rotten_flesh":2,"minecraft:torch":1,"minecraft:bookshelf":11,"minecraft:iron_axe":225,"minecraft:sweet_berries":29,"minecraft:furnace":5,"minecraft:iron_leggings":1,"minecraft:cooked_mutton":2,"minecraft:diorite":2,"minecraft:stone_pickaxe":65,"minecraft:wooden_pickaxe":5,"minecraft:cauldron":4,"minecraft:sugar_cane":5,"minecraft:diamond_axe":613,"minecraft:fletching_table":19,"minecraft:glow_berries":14,"minecraft:crafting_table":7,"minecraft:white_bed":2,"minecraft:spruce_log":11,"minecraft:diamond_pickaxe":62,"minecraft:bread":23,"minecraft:iron_pickaxe":113,"minecraft:spruce_sapling":30,"minecraft:gravel":74,"minecraft:stone_axe":66,"minecraft:cobblestone":41,"minecraft:smithing_table":1,"minecraft:yellow_bed":2,"minecraft:bone_meal":31},"minecraft:killed_by":{"minecraft:skeleton":1},"minecraft:crafted":{"minecraft:oak_planks":40,"minecraft:diamond_hoe":12,"minecraft:furnace":2,"minecraft:bone_meal":39,"minecraft:bookshelf":11,"minecraft:cooked_mutton":2,"minecraft:iron_boots":1,"minecraft:iron_axe":1,"minecraft:stone_pickaxe":2,"minecraft:chest":4,"minecraft:stone_hoe":10,"minecraft:wheat":27,"minecraft:emerald":195,"minecraft:diamond_axe":3,"minecraft:crafting_table":3,"minecraft:spruce_planks":3144,"minecraft:enchanting_table":1,"minecraft:wooden_pickaxe":1,"minecraft:iron_helmet":1,"minecraft:iron_sword":1,"minecraft:smithing_table":1,"minecraft:cooked_salmon":2,"minecraft:fletching_table":4,"minecraft:stone_axe":1,"minecraft:bread":27,"minecraft:air":0,"minecraft:iron_chestplate":1,"minecraft:diamond_pickaxe":2,"minecraft:stick":5976,"minecraft:iron_pickaxe":1,"minecraft:iron_ingot":53,"minecraft:iron_shovel":3,"minecraft:iron_leggings":1},"minecraft:picked_up":{"minecraft:crafting_table":4,"minecraft:iron_chestplate":1,"minecraft:string":2,"minecraft:moss_carpet":2,"minecraft:iron_axe":1,"minecraft:cooked_salmon":3,"minecraft:iron_leggings":1,"minecraft:iron_shovel":2,"minecraft:spruce_planks":52,"minecraft:beef":15,"minecraft:iron_pickaxe":1,"minecraft:sugar_cane":48,"minecraft:diamond_hoe":13,"minecraft:iron_boots":1,"minecraft:furnace":4,"minecraft:stick":31,"minecraft:raw_iron":59,"minecraft:big_dripleaf":2,"minecraft:composter":4,"minecraft:torch":6,"minecraft:porkchop":6,"minecraft:diorite":2,"minecraft:redstone":16,"minecraft:cauldron":4,"minecraft:arrow":10,"minecraft:rotten_flesh":6,"minecraft:hay_block":3,"minecraft:obsidian":4,"minecraft:glow_berries":14,"minecraft:mutton":2,"minecraft:cobblestone":132,"minecraft:white_wool":1,"minecraft:salmon":4,"minecraft:leather":8,"minecraft:flint":9,"minecraft:oak_log":11,"minecraft:yellow_bed":2,"minecraft:lapis_lazuli":170,"minecraft:dirt":4,"minecraft:bone":14,"minecraft:wheat_seeds":20,"minecraft:iron_ingot":21,"minecraft:fletching_table":15,"minecraft:glowstone_dust":4,"minecraft:moss_block":3,"minecraft:oak_planks":10,"minecraft:iron_sword":1,"minecraft:stone_hoe":10,"minecraft:book":36,"minecraft:sweet_berries":29,"minecraft:gravel":89,"minecraft:stripped_spruce_log":1,"minecraft:spruce_sapling":43,"minecraft:white_bed":2,"minecraft:spruce_log":935,"minecraft:spider_eye":1,"minecraft:diamond":13,"minecraft:stone_axe":2,"minecraft:iron_helmet":1,"minecraft:diamond_axe":1,"minecraft:coal":127,"minecraft:diamond_pickaxe":1},"minecraft:mined":{"minecraft:diamond_ore":3,"minecraft:white_bed":2,"minecraft:deepslate_diamond_ore":5,"minecraft:obsidian":4,"minecraft:grass_block":3,"minecraft:spruce_leaves":145,"minecraft:composter":4,"minecraft:moss_block":3,"minecraft:large_fern":2,"minecraft:hay_block":3,"minecraft:spruce_sapling":2,"minecraft:furnace":4,"minecraft:iron_ore":36,"minecraft:stripped_spruce_log":1,"minecraft:fletching_table":15,"minecraft:deepslate_lapis_ore":8,"minecraft:bookshelf":12,"minecraft:water_cauldron":4,"minecraft:cave_vines":1,"minecraft:deepslate_iron_ore":19,"minecraft:stone":99,"minecraft:crafting_table":5,"minecraft:short_grass":66,"minecraft:tall_grass":34,"minecraft:cobblestone":1,"minecraft:lapis_ore":4,"minecraft:sugar_cane":19,"minecraft:oak_planks":2,"minecraft:diorite":2,"minecraft:wall_torch":1,"minecraft:big_dripleaf":1,"minecraft:sweet_berry_bush":1,"minecraft:spruce_log":755,"minecraft:yellow_bed":2,"minecraft:oak_log":11,"minecraft:coal_ore":42,"minecraft:gravel":98,"minecraft:dirt":3,"minecraft:oak_leaves":5,"minecraft:fern":2},"minecraft:custom":{"minecraft:interact_with_smithing_table":1,"minecraft:mob_kills":44,"minecraft:interact_with_crafting_table":40,"minecraft:leave_game":4,"minecraft:time_since_death":86769,"minecraft:climb_one_cm":282,"minecraft:sprint_one_cm":330601,"minecraft:walk_one_cm":186952,"minecraft:drop":53,"minecraft:talked_to_villager":73,"minecraft:play_time":114260,"minecraft:deaths":1,"minecraft:sneak_time":3688,"minecraft:walk_under_water_one_cm":3624,"minecraft:jump":3527,"minecraft:walk_on_water_one_cm":9475,"minecraft:total_world_time":114260,"minecraft:interact_with_furnace":55,"minecraft:traded_with_villager":226,"minecraft:sleep_in_bed":4,"minecraft:time_since_rest":38954,"minecraft:damage_taken":1247,"minecraft:damage_dealt":6662,"minecraft:swim_one_cm":26673,"minecraft:fly_one_cm":869086,"minecraft:player_kills":1,"minecraft:open_chest":60,"minecraft:crouch_one_cm":10085,"minecraft:fall_one_cm":82527,"minecraft:horse_one_cm":21427},"minecraft:killed":{"minecraft:witch":1,"minecraft:spider":3,"minecraft:skeleton":13,"minecraft:drowned":1,"minecraft:pig":3,"minecraft:salmon":5,"minecraft:sheep":1,"minecraft:zombie":10,"minecraft:cow":7}},"DataVersion":3953}