{"stats":{"minecraft:used":{"minecraft:cooked_mutton":4,"minecraft:stone_sword":24,"minecraft:stone_pickaxe":92,"minecraft:wooden_pickaxe":6,"minecraft:stone_axe":3,"minecraft:dirt":6,"minecraft:cobblestone":3,"minecraft:crafting_table":1,"minecraft:furnace":2},"minecraft:killed_by":{"minecraft:skeleton":1},"minecraft:crafted":{"minecraft:oak_planks":24,"minecraft:crafting_table":1,"minecraft:stick":8,"minecraft:wooden_pickaxe":1,"minecraft:cooked_chicken":2,"minecraft:stone_pickaxe":1,"minecraft:stone_sword":1,"minecraft:furnace":1,"minecraft:stone_axe":1,"minecraft:air":0,"minecraft:cooked_mutton":4},"minecraft:picked_up":{"minecraft:stick":1,"minecraft:feather":4,"minecraft:chicken":2,"minecraft:oak_log":6,"minecraft:spider_eye":1,"minecraft:string":2,"minecraft:dirt":51,"minecraft:arrow":4,"minecraft:stone_sword":1,"minecraft:bone":6,"minecraft:rotten_flesh":6,"minecraft:stone_axe":1,"minecraft:wheat_seeds":6,"minecraft:stone_pickaxe":1,"minecraft:oak_sapling":2,"minecraft:coal":59,"minecraft:oak_planks":18,"minecraft:mutton":5,"minecraft:white_wool":6,"minecraft:cobblestone":69,"minecraft:furnace":2},"minecraft:mined":{"minecraft:furnace":1,"minecraft:short_grass":24,"minecraft:coal_ore":40,"minecraft:grass_block":4,"minecraft:oak_log":6,"minecraft:dirt":7,"minecraft:tall_grass":15,"minecraft:stone":43,"minecraft:oak_leaves":1},"minecraft:custom":{"minecraft:time_since_rest":18620,"minecraft:interact_with_furnace":11,"minecraft:sprint_one_cm":27033,"minecraft:damage_taken":643,"minecraft:walk_one_cm":17041,"minecraft:mob_kills":11,"minecraft:damage_dealt":1266,"minecraft:interact_with_crafting_table":8,"minecraft:fly_one_cm":58681,"minecraft:crouch_one_cm":2422,"minecraft:play_time":28664,"minecraft:deaths":1,"minecraft:sneak_time":1438,"minecraft:jump":302,"minecraft:leave_game":1,"minecraft:time_since_death":18587,"minecraft:total_world_time":28664,"minecraft:fall_one_cm":14171},"minecraft:killed":{"minecraft:sheep":3,"minecraft:skeleton":3,"minecraft:zombie":1,"minecraft:chicken":2,"minecraft:spider":1}},"DataVersion":3953}