{"stats":{"minecraft:killed_by":{"minecraft:skeleton":1},"minecraft:killed":{"minecraft:witch":1,"minecraft:salmon":5,"minecraft:sheep":1,"minecraft:zombie":4,"minecraft:drowned":1},"minecraft:custom":{"minecraft:interact_with_furnace":51,"minecraft:mob_kills":12,"minecraft:interact_with_crafting_table":21,"minecraft:leave_game":1,"minecraft:time_since_death":9125,"minecraft:climb_one_cm":282,"minecraft:time_since_rest":9156,"minecraft:sprint_one_cm":97561,"minecraft:damage_taken":802,"minecraft:walk_one_cm":62290,"minecraft:drop":3,"minecraft:damage_dealt":1741,"minecraft:swim_one_cm":21228,"minecraft:fly_one_cm":135510,"minecraft:player_kills":1,"minecraft:crouch_one_cm":6823,"minecraft:play_time":36616,"minecraft:deaths":1,"minecraft:sneak_time":2400,"minecraft:walk_under_water_one_cm":3062,"minecraft:jump":985,"minecraft:walk_on_water_one_cm":4984,"minecraft:total_world_time":36616,"minecraft:fall_one_cm":25691},"minecraft:picked_up":{"minecraft:iron_chestplate":1,"minecraft:crafting_table":3,"minecraft:salmon":4,"minecraft:oak_log":4,"minecraft:lapis_lazuli":170,"minecraft:moss_carpet":2,"minecraft:cooked_salmon":3,"minecraft:iron_axe":1,"minecraft:iron_leggings":1,"minecraft:wheat_seeds":4,"minecraft:spruce_planks":52,"minecraft:iron_ingot":21,"minecraft:iron_pickaxe":1,"minecraft:glowstone_dust":4,"minecraft:sugar_cane":26,"minecraft:moss_block":3,"minecraft:iron_sword":1,"minecraft:iron_boots":1,"minecraft:furnace":3,"minecraft:stick":21,"minecraft:raw_iron":59,"minecraft:sweet_berries":29,"minecraft:big_dripleaf":2,"minecraft:stripped_spruce_log":1,"minecraft:spruce_sapling":19,"minecraft:diorite":2,"minecraft:spruce_log":389,"minecraft:redstone":16,"minecraft:rotten_flesh":2,"minecraft:diamond":13,"minecraft:stone_axe":1,"minecraft:iron_helmet":1,"minecraft:glow_berries":14,"minecraft:mutton":2,"minecraft:coal":97,"minecraft:white_wool":1,"minecraft:cobblestone":132,"minecraft:diamond_pickaxe":1},"minecraft:crafted":{"minecraft:oak_planks":16,"minecraft:crafting_table":3,"minecraft:spruce_planks":80,"minecraft:wooden_pickaxe":1,"minecraft:iron_helmet":1,"minecraft:iron_sword":1,"minecraft:furnace":2,"minecraft:cooked_salmon":2,"minecraft:stone_axe":1,"minecraft:cooked_mutton":1,"minecraft:air":0,"minecraft:iron_boots":1,"minecraft:iron_chestplate":1,"minecraft:diamond_pickaxe":1,"minecraft:iron_axe":1,"minecraft:stick":28,"minecraft:iron_ingot":53,"minecraft:iron_pickaxe":1,"minecraft:stone_pickaxe":2,"minecraft:iron_leggings":1},"minecraft:mined":{"minecraft:diamond_ore":3,"minecraft:deepslate_diamond_ore":5,"minecraft:crafting_table":4,"minecraft:short_grass":2,"minecraft:tall_grass":1,"minecraft:cobblestone":1,"minecraft:spruce_leaves":11,"minecraft:lapis_ore":4,"minecraft:sugar_cane":8,"minecraft:moss_block":3,"minecraft:diorite":2,"minecraft:big_dripleaf":1,"minecraft:large_fern":2,"minecraft:furnace":3,"minecraft:iron_ore":36,"minecraft:sweet_berry_bush":1,"minecraft:spruce_log":253,"minecraft:stripped_spruce_log":1,"minecraft:deepslate_lapis_ore":8,"minecraft:coal_ore":42,"minecraft:oak_log":4,"minecraft:cave_vines":1,"minecraft:deepslate_iron_ore":19,"minecraft:stone":99,"minecraft:oak_leaves":5,"minecraft:fern":2},"minecraft:dropped":{"minecraft:stone_pickaxe":2,"minecraft:wooden_pickaxe":1},"minecraft:used":{"minecraft:cooked_mutton":1,"minecraft:moss_block":3,"minecraft:diorite":2,"minecraft:stone_pickaxe":65,"minecraft:spruce_planks":18,"minecraft:wooden_pickaxe":5,"minecraft:iron_sword":29,"minecraft:cooked_salmon":1,"minecraft:rotten_flesh":2,"minecraft:glow_berries":14,"minecraft:crafting_table":5,"minecraft:spruce_log":1,"minecraft:diamond_pickaxe":53,"minecraft:iron_axe":212,"minecraft:iron_pickaxe":107,"minecraft:stone_axe":66,"minecraft:cobblestone":41,"minecraft:sweet_berries":29,"minecraft:furnace":4,"minecraft:iron_leggings":1}},"DataVersion":3953}