{"stats":{"minecraft:used":{"minecraft:cooked_mutton":5,"minecraft:stone_sword":63,"minecraft:stone_pickaxe":97,"minecraft:wooden_pickaxe":6,"minecraft:rotten_flesh":3,"minecraft:stone_axe":14,"minecraft:dirt":6,"minecraft:cobblestone":3,"minecraft:crafting_table":1,"minecraft:furnace":3},"minecraft:killed_by":{"minecraft:drowned":3,"minecraft:skeleton":1,"minecraft:zombie":1},"minecraft:crafted":{"minecraft:oak_planks":24,"minecraft:crafting_table":1,"minecraft:stick":8,"minecraft:wooden_pickaxe":1,"minecraft:cooked_chicken":2,"minecraft:stone_pickaxe":1,"minecraft:stone_sword":1,"minecraft:furnace":1,"minecraft:stone_axe":1,"minecraft:air":0,"minecraft:cooked_mutton":6},"minecraft:picked_up":{"minecraft:crafting_table":4,"minecraft:stick":3,"minecraft:feather":12,"minecraft:chicken":8,"minecraft:oak_log":6,"minecraft:spider_eye":6,"minecraft:string":24,"minecraft:dirt":51,"minecraft:cooked_mutton":2,"minecraft:arrow":20,"minecraft:stone_sword":3,"minecraft:bone":24,"minecraft:rotten_flesh":13,"minecraft:stone_axe":4,"minecraft:wheat_seeds":12,"minecraft:stone_pickaxe":3,"minecraft:light_gray_wool":3,"minecraft:oak_sapling":4,"minecraft:coal":154,"minecraft:oak_planks":45,"minecraft:mutton":13,"minecraft:egg":3,"minecraft:white_wool":18,"minecraft:cobblestone":126,"minecraft:furnace":6},"minecraft:mined":{"minecraft:furnace":3,"minecraft:crafting_table":1,"minecraft:short_grass":31,"minecraft:coal_ore":40,"minecraft:grass_block":4,"minecraft:oak_log":6,"minecraft:dirt":7,"minecraft:cobblestone":3,"minecraft:tall_grass":18,"minecraft:stone":43,"minecraft:oak_leaves":1},"minecraft:custom":{"minecraft:time_since_rest":608,"minecraft:interact_with_furnace":16,"minecraft:sprint_one_cm":48599,"minecraft:damage_taken":1633,"minecraft:walk_one_cm":24349,"minecraft:mob_kills":25,"minecraft:damage_dealt":3506,"minecraft:swim_one_cm":24048,"minecraft:interact_with_crafting_table":8,"minecraft:fly_one_cm":108564,"minecraft:crouch_one_cm":3185,"minecraft:play_time":38281,"minecraft:deaths":5,"minecraft:sneak_time":1752,"minecraft:walk_under_water_one_cm":3953,"minecraft:jump":582,"minecraft:leave_game":2,"minecraft:walk_on_water_one_cm":5989,"minecraft:time_since_death":578,"minecraft:total_world_time":38281,"minecraft:fall_one_cm":22752},"minecraft:killed":{"minecraft:sheep":5,"minecraft:skeleton":4,"minecraft:zombie":4,"minecraft:chicken":5,"minecraft:drowned":3,"minecraft:spider":3}},"DataVersion":3953}