{"stats":{"minecraft:killed_by":{"minecraft:skeleton":2,"minecraft:zombie":1,"minecraft:drowned":3},"minecraft:crafted":{"minecraft:oak_planks":96,"minecraft:crafting_table":2,"minecraft:wooden_pickaxe":2,"minecraft:cooked_chicken":4,"minecraft:furnace":2,"minecraft:stone_axe":2,"minecraft:cooked_mutton":11,"minecraft:air":0,"minecraft:stick":16,"minecraft:stone_pickaxe":2,"minecraft:stone_sword":2},"minecraft:mined":{"minecraft:powder_snow":20,"minecraft:crafting_table":1,"minecraft:short_grass":36,"minecraft:grass_block":8,"minecraft:tall_grass":18,"minecraft:cobblestone":3,"minecraft:oak_planks":4,"minecraft:furnace":3,"minecraft:oak_log":24,"minecraft:coal_ore":40,"minecraft:dirt":9,"minecraft:stone":70,"minecraft:oak_leaves":1},"minecraft:used":{"minecraft:cooked_mutton":10,"minecraft:stone_sword":67,"minecraft:stone_pickaxe":135,"minecraft:oak_planks":22,"minecraft:wooden_pickaxe":25,"minecraft:cooked_chicken":2,"minecraft:rotten_flesh":3,"minecraft:dirt":8,"minecraft:crafting_table":2,"minecraft:stone_axe":57,"minecraft:cobblestone":3,"minecraft:furnace":4,"minecraft:egg":1},"minecraft:custom":{"minecraft:interact_with_furnace":26,"minecraft:mob_kills":41,"minecraft:interact_with_crafting_table":14,"minecraft:leave_game":2,"minecraft:time_since_death":3371,"minecraft:time_since_rest":3397,"minecraft:sprint_one_cm":104059,"minecraft:damage_taken":2388,"minecraft:walk_one_cm":45245,"minecraft:damage_dealt":5717,"minecraft:swim_one_cm":35453,"minecraft:fly_one_cm":239843,"minecraft:crouch_one_cm":4288,"minecraft:play_time":101326,"minecraft:deaths":6,"minecraft:sneak_time":2361,"minecraft:walk_under_water_one_cm":4869,"minecraft:jump":1208,"minecraft:walk_on_water_one_cm":7768,"minecraft:total_world_time":101326,"minecraft:fall_one_cm":41046,"minecraft:horse_one_cm":14465},"minecraft:picked_up":{"minecraft:crafting_table":4,"minecraft:feather":16,"minecraft:chicken":10,"minecraft:salmon":1,"minecraft:brown_wool":2,"minecraft:wooden_pickaxe":1,"minecraft:oak_log":24,"minecraft:gunpowder":2,"minecraft:string":26,"minecraft:dirt":58,"minecraft:cooked_mutton":4,"minecraft:bone":32,"minecraft:wheat_seeds":12,"minecraft:stone_pickaxe":4,"minecraft:light_gray_wool":3,"minecraft:oak_planks":78,"minecraft:egg":4,"minecraft:furnace":6,"minecraft:stick":4,"minecraft:spider_eye":8,"minecraft:stone_sword":4,"minecraft:arrow":28,"minecraft:rotten_flesh":13,"minecraft:stone_axe":5,"minecraft:oak_sapling":6,"minecraft:mutton":20,"minecraft:coal":154,"minecraft:white_wool":24,"minecraft:cobblestone":164},"minecraft:killed":{"minecraft:salmon":1,"minecraft:spider":6,"minecraft:creeper":1,"minecraft:sheep":9,"minecraft:skeleton":9,"minecraft:zombie":4,"minecraft:chicken":7,"minecraft:drowned":3}},"DataVersion":3953}