{"stats":{"minecraft:used":{"minecraft:moss_block":3,"minecraft:tuff_bricks":5,"minecraft:iron_shovel":101,"minecraft:ladder":5,"minecraft:diamond_hoe":137,"minecraft:decorated_pot":10,"minecraft:chest":4,"minecraft:shield":16,"minecraft:iron_sword":153,"minecraft:stone":6,"minecraft:rotten_flesh":2,"minecraft:bow":91,"minecraft:sweet_berries":29,"minecraft:furnace":13,"minecraft:egg":4,"minecraft:diorite":2,"minecraft:stone_pickaxe":65,"minecraft:oak_planks":28,"minecraft:wooden_pickaxe":5,"minecraft:sugar_cane":6,"minecraft:diamond_axe":1396,"minecraft:golden_apple":3,"minecraft:white_wool":2,"minecraft:glow_berries":14,"minecraft:sand":5,"minecraft:bread":96,"minecraft:string":2,"minecraft:gravel":74,"minecraft:diamond_sword":311,"minecraft:grindstone":1,"minecraft:smithing_table":1,"minecraft:bone_meal":41,"minecraft:trident":7,"minecraft:enchanting_table":1,"minecraft:spruce_planks":32,"minecraft:cooked_salmon":2,"minecraft:trial_key":1,"minecraft:cooked_chicken":7,"minecraft:netherrack":490,"minecraft:stick":1,"minecraft:torch":27,"minecraft:dirt":8,"minecraft:bookshelf":17,"minecraft:iron_axe":225,"minecraft:cooked_beef":13,"minecraft:cobbled_deepslate":4,"minecraft:iron_leggings":1,"minecraft:cooked_mutton":20,"minecraft:cartography_table":5,"minecraft:cauldron":4,"minecraft:fletching_table":22,"minecraft:mossy_cobblestone":1,"minecraft:crafting_table":8,"minecraft:white_bed":5,"minecraft:spruce_log":11,"minecraft:diamond_pickaxe":1973,"minecraft:apple":41,"minecraft:diamond_shovel":361,"minecraft:wind_charge":2,"minecraft:iron_pickaxe":113,"minecraft:spruce_sapling":46,"minecraft:stone_axe":66,"minecraft:cobblestone":66,"minecraft:yellow_bed":2},"minecraft:dropped":{"minecraft:iron_sword":1,"minecraft:diamond_axe":4,"minecraft:glass_bottle":2,"minecraft:decorated_pot":1,"minecraft:cookie":108,"minecraft:warped_roots":4,"minecraft:saddle":1,"minecraft:cobblestone_stairs":1,"minecraft:mutton":30,"minecraft:white_wool":1,"minecraft:gold_ingot":1,"minecraft:gravel":16,"minecraft:stone_axe":3,"minecraft:diamond_block":1,"minecraft:rotten_flesh":36,"minecraft:oak_planks":4,"minecraft:cooked_mutton":22,"minecraft:nether_brick_fence":1,"minecraft:carrot":3,"minecraft:chainmail_chestplate":4,"minecraft:poppy":1,"minecraft:tipped_arrow":6,"minecraft:trident":1,"minecraft:gunpowder":1,"minecraft:lingering_potion":1,"minecraft:chainmail_boots":12,"minecraft:leather_leggings":1,"minecraft:arrow":42,"minecraft:netherrack":8,"minecraft:stone_hoe":20,"minecraft:iron_ingot":4,"minecraft:wheat_seeds":18,"minecraft:dripstone_block":1,"minecraft:diamond_leggings":2,"minecraft:iron_helmet":17,"minecraft:cobblestone":1,"minecraft:waxed_copper_grate":3,"minecraft:granite":4,"minecraft:chainmail_helmet":1,"minecraft:golden_apple":3,"minecraft:stick":26,"minecraft:diamond_helmet":2,"minecraft:iron_shovel":4,"minecraft:string":22,"minecraft:spruce_sapling":4,"minecraft:moss_carpet":1,"minecraft:stone_sword":1,"minecraft:diamond_hoe":16,"minecraft:diamond_sword":3,"minecraft:big_dripleaf":1,"minecraft:shield":4,"minecraft:diamond_chestplate":2,"minecraft:diamond_pickaxe":1,"minecraft:oak_sapling":2,"minecraft:golden_sword":2,"minecraft:spider_eye":3,"minecraft:diamond_boots":2,"minecraft:stone_pickaxe":2,"minecraft:bow":2,"minecraft:wooden_pickaxe":1,"minecraft:waxed_oxidized_copper_grate":3,"minecraft:brick":12},"minecraft:killed":{"minecraft:zombified_piglin":21,"minecraft:witch":2,"minecraft:spider":10,"minecraft:skeleton":21,"minecraft:magma_cube":7,"minecraft:piglin":7,"minecraft:pig":3,"minecraft:salmon":5,"minecraft:iron_golem":1,"minecraft:creeper":4,"minecraft:sheep":2,"minecraft:pillager":7,"minecraft:zombie":52,"minecraft:cow":7,"minecraft:blaze":14,"minecraft:bogged":8,"minecraft:vindicator":3,"minecraft:phantom":1,"minecraft:drowned":3,"minecraft:husk":3,"minecraft:ravager":2,"minecraft:breeze":2,"minecraft:wither_skeleton":10,"minecraft:enderman":17},"minecraft:killed_by":{"minecraft:skeleton":1},"minecraft:custom":{"minecraft:interact_with_crafting_table":71,"minecraft:open_barrel":12,"minecraft:bell_ring":28,"minecraft:leave_game":6,"minecraft:time_since_death":361227,"minecraft:sprint_one_cm":1062569,"minecraft:damage_blocked_by_shield":406,"minecraft:drop":173,"minecraft:talked_to_villager":146,"minecraft:play_time":388718,"minecraft:deaths":1,"minecraft:jump":10731,"minecraft:walk_on_water_one_cm":41399,"minecraft:enchant_item":11,"minecraft:interact_with_furnace":95,"minecraft:traded_with_villager":535,"minecraft:interact_with_cartography_table":7,"minecraft:sleep_in_bed":9,"minecraft:damage_dealt":36812,"minecraft:player_kills":1,"minecraft:crouch_one_cm":46886,"minecraft:inspect_dispenser":11,"minecraft:horse_one_cm":570082,"minecraft:interact_with_smithing_table":1,"minecraft:mob_kills":216,"minecraft:climb_one_cm":4859,"minecraft:walk_one_cm":572311,"minecraft:raid_win":1,"minecraft:sneak_time":13751,"minecraft:walk_under_water_one_cm":17590,"minecraft:total_world_time":388718,"minecraft:interact_with_grindstone":8,"minecraft:time_since_rest":8135,"minecraft:damage_taken":8104,"minecraft:damage_absorbed":82,"minecraft:swim_one_cm":77991,"minecraft:fly_one_cm":2401937,"minecraft:open_chest":220,"minecraft:fall_one_cm":276386},"minecraft:crafted":{"minecraft:grindstone":1,"minecraft:oak_planks":44,"minecraft:stone":15,"minecraft:diamond_shovel":1,"minecraft:bookshelf":17,"minecraft:cooked_mutton":2,"minecraft:glass":202,"minecraft:diamond_helmet":3,"minecraft:bow":1,"minecraft:diamond_leggings":3,"minecraft:iron_boots":1,"minecraft:chest":4,"minecraft:stone_hoe":10,"minecraft:arrow":64,"minecraft:emerald":425,"minecraft:cooked_porkchop":22,"minecraft:diamond_axe":3,"minecraft:map":8,"minecraft:crafting_table":4,"minecraft:spruce_planks":5464,"minecraft:wooden_pickaxe":1,"minecraft:iron_helmet":11,"minecraft:chainmail_chestplate":8,"minecraft:smithing_table":1,"minecraft:fletching_table":4,"minecraft:apple":48,"minecraft:iron_chestplate":1,"minecraft:paper":42,"minecraft:diamond_pickaxe":2,"minecraft:shield":5,"minecraft:stick":10660,"minecraft:stone_slab":6,"minecraft:compass":3,"minecraft:iron_ingot":59,"minecraft:iron_pickaxe":1,"minecraft:gold_ingot":53,"minecraft:cookie":108,"minecraft:diamond_hoe":12,"minecraft:wind_charge":4,"minecraft:furnace":10,"minecraft:bone_meal":63,"minecraft:glass_pane":528,"minecraft:diamond":9,"minecraft:iron_axe":1,"minecraft:ladder":12,"minecraft:stone_pickaxe":2,"minecraft:diamond_boots":3,"minecraft:filled_map":4,"minecraft:wheat":163,"minecraft:cooked_beef":13,"minecraft:diamond_sword":3,"minecraft:enchanting_table":1,"minecraft:iron_sword":1,"minecraft:cooked_salmon":2,"minecraft:stone_axe":1,"minecraft:bread":96,"minecraft:air":0,"minecraft:golden_apple":4,"minecraft:chainmail_boots":12,"minecraft:iron_shovel":3,"minecraft:iron_leggings":1,"minecraft:torch":40,"minecraft:diamond_chestplate":3},"minecraft:mined":{"minecraft:white_bed":5,"minecraft:cobblestone_stairs":1,"minecraft:obsidian":4,"minecraft:potted_dead_bush":1,"minecraft:granite":5,"minecraft:grass_block":15,"minecraft:composter":4,"minecraft:tuff_bricks":15,"minecraft:iron_ore":98,"minecraft:cobbled_deepslate":2,"minecraft:fire":17,"minecraft:fletching_table":18,"minecraft:deepslate_lapis_ore":8,"minecraft:pointed_dripstone":1,"minecraft:cave_vines":1,"minecraft:water_cauldron":4,"minecraft:dirt_path":1,"minecraft:blackstone":16,"minecraft:nether_quartz_ore":18,"minecraft:cobblestone":10,"minecraft:sugar_cane":36,"minecraft:oak_planks":4,"minecraft:wall_torch":3,"minecraft:waxed_copper_bulb":1,"minecraft:warped_nylium":1,"minecraft:waxed_copper_block":2,"minecraft:oak_log":11,"minecraft:sand":319,"minecraft:dirt":34,"minecraft:netherrack":1581,"minecraft:ancient_debris":1,"minecraft:oak_leaves":6,"minecraft:deepslate":5,"minecraft:nether_gold_ore":58,"minecraft:diamond_ore":3,"minecraft:mossy_cobblestone":1,"minecraft:deepslate_diamond_ore":5,"minecraft:decorated_pot":24,"minecraft:spruce_leaves":230,"minecraft:cartography_table":5,"minecraft:moss_block":3,"minecraft:large_fern":2,"minecraft:hay_block":3,"minecraft:waxed_oxidized_cut_copper":4,"minecraft:spruce_sapling":4,"minecraft:furnace":4,"minecraft:waxed_copper_grate":3,"minecraft:andesite":8,"minecraft:stripped_spruce_log":1,"minecraft:bookshelf":13,"minecraft:deepslate_iron_ore":19,"minecraft:waxed_weathered_copper_bulb":1,"minecraft:stone":170,"minecraft:white_wool":1,"minecraft:glass_pane":1,"minecraft:soul_sand":9,"minecraft:dandelion":2,"minecraft:crafting_table":5,"minecraft:cornflower":1,"minecraft:short_grass":109,"minecraft:warped_roots":1,"minecraft:tall_grass":52,"minecraft:lapis_ore":5,"minecraft:deepslate_gold_ore":1,"minecraft:diorite":2,"minecraft:big_dripleaf":1,"minecraft:waxed_oxidized_copper_grate":4,"minecraft:sweet_berry_bush":1,"minecraft:spruce_log":1348,"minecraft:yellow_bed":2,"minecraft:coal_ore":53,"minecraft:flower_pot":1,"minecraft:gravel":101,"minecraft:dripstone_block":1,"minecraft:gold_ore":1,"minecraft:fern":3},"minecraft:picked_up":{"minecraft:iron_chestplate":1,"minecraft:nether_brick_fence":1,"minecraft:flower_pot":2,"minecraft:diamond_sword":1,"minecraft:golden_sword":2,"minecraft:string":24,"minecraft:cooked_salmon":3,"minecraft:iron_leggings":1,"minecraft:gold_nugget":467,"minecraft:cobbled_deepslate":4,"minecraft:spruce_planks":52,"minecraft:trial_key":4,"minecraft:iron_pickaxe":1,"minecraft:furnace":4,"minecraft:iron_boots":1,"minecraft:tipped_arrow":12,"minecraft:stick":53,"minecraft:composter":4,"minecraft:big_dripleaf":2,"minecraft:torch":8,"minecraft:porkchop":6,"minecraft:waxed_copper_grate":3,"minecraft:diorite":2,"minecraft:cauldron":4,"minecraft:stone_sword":1,"minecraft:rotten_flesh":102,"minecraft:honey_bottle":2,"minecraft:blaze_rod":25,"minecraft:obsidian":4,"minecraft:cobblestone":208,"minecraft:magma_cream":3,"minecraft:andesite":8,"minecraft:flint":10,"minecraft:wither_skeleton_skull":1,"minecraft:lapis_lazuli":202,"minecraft:dirt":43,"minecraft:bone":55,"minecraft:bow":4,"minecraft:wheat_seeds":32,"minecraft:raw_gold":5,"minecraft:bolt_armor_trim_smithing_template":2,"minecraft:glowstone_dust":4,"minecraft:fletching_table":18,"minecraft:moss_block":3,"minecraft:scrape_pottery_sherd":1,"minecraft:stone_hoe":10,"minecraft:oak_planks":12,"minecraft:sand":251,"minecraft:stripped_spruce_log":1,"minecraft:dead_bush":1,"minecraft:diamond_block":2,"minecraft:mossy_cobblestone":1,"minecraft:diamond":13,"minecraft:waxed_oxidized_copper_grate":3,"minecraft:granite":4,"minecraft:breeze_rod":6,"minecraft:golden_apple":4,"minecraft:emerald":49,"minecraft:chainmail_helmet":1,"minecraft:bread":3,"minecraft:oak_sapling":2,"minecraft:netherrack":603,"minecraft:diamond_pickaxe":1,"minecraft:lingering_potion":2,"minecraft:waxed_oxidized_cut_copper":4,"minecraft:crafting_table":4,"minecraft:ominous_bottle":1,"minecraft:leather_leggings":1,"minecraft:brick":45,"minecraft:shield":1,"minecraft:wind_charge":2,"minecraft:cornflower":1,"minecraft:moss_carpet":2,"minecraft:iron_axe":2,"minecraft:iron_shovel":2,"minecraft:blackstone":1,"minecraft:cartography_table":5,"minecraft:beef":15,"minecraft:poppy":1,"minecraft:sugar_cane":70,"minecraft:diamond_hoe":13,"minecraft:egg":4,"minecraft:raw_iron":209,"minecraft:trident":2,"minecraft:carrot":3,"minecraft:redstone":16,"minecraft:arrow":113,"minecraft:decorated_pot":12,"minecraft:nether_bricks":1,"minecraft:hay_block":3,"minecraft:saddle":2,"minecraft:gold_ingot":1,"minecraft:tuff_bricks":20,"minecraft:glow_berries":14,"minecraft:mutton":2,"minecraft:white_wool":4,"minecraft:salmon":4,"minecraft:leather":8,"minecraft:oak_log":11,"minecraft:chainmail_chestplate":2,"minecraft:ancient_debris":1,"minecraft:cobblestone_stairs":1,"minecraft:yellow_bed":2,"minecraft:gunpowder":1,"minecraft:white_banner":3,"minecraft:cooked_mutton":15,"minecraft:iron_ingot":45,"minecraft:cooked_chicken":7,"minecraft:glass_bottle":2,"minecraft:iron_sword":1,"minecraft:soul_sand":16,"minecraft:book":39,"minecraft:emerald_block":1,"minecraft:sweet_berries":29,"minecraft:quartz":25,"minecraft:dandelion":3,"minecraft:dripstone_block":1,"minecraft:gravel":90,"minecraft:spruce_sapling":67,"minecraft:white_bed":5,"minecraft:spruce_log":1515,"minecraft:spider_eye":10,"minecraft:stone_axe":3,"minecraft:iron_helmet":8,"minecraft:diamond_axe":2,"minecraft:warped_roots":4,"minecraft:coal":166,"minecraft:warped_nylium":10,"minecraft:ender_pearl":28}},"DataVersion":3953}