{"stats":{"minecraft:custom":{"minecraft:interact_with_furnace":99,"minecraft:mob_kills":47,"minecraft:interact_with_crafting_table":44,"minecraft:leave_game":3,"minecraft:time_since_death":67962,"minecraft:time_since_rest":67962,"minecraft:sprint_one_cm":205210,"minecraft:damage_taken":1592,"minecraft:walk_one_cm":119162,"minecraft:damage_blocked_by_shield":653,"minecraft:drop":26,"minecraft:damage_dealt":6414,"minecraft:swim_one_cm":26023,"minecraft:fly_one_cm":325993,"minecraft:player_kills":1,"minecraft:open_chest":14,"minecraft:crouch_one_cm":12968,"minecraft:play_time":67962,"minecraft:sneak_time":4027,"minecraft:walk_under_water_one_cm":9155,"minecraft:jump":1997,"minecraft:walk_on_water_one_cm":16618,"minecraft:total_world_time":67962,"minecraft:fall_one_cm":63954},"minecraft:crafted":{"minecraft:cooked_beef":3,"minecraft:crafting_table":3,"minecraft:iron_helmet":2,"minecraft:wooden_pickaxe":2,"minecraft:iron_sword":1,"minecraft:furnace":4,"minecraft:cooked_salmon":9,"minecraft:bucket":1,"minecraft:birch_planks":128,"minecraft:stone_axe":1,"minecraft:cooked_mutton":1,"minecraft:air":0,"minecraft:iron_chestplate":2,"minecraft:iron_boots":2,"minecraft:shield":2,"minecraft:iron_axe":1,"minecraft:stick":32,"minecraft:iron_ingot":63,"minecraft:iron_pickaxe":2,"minecraft:stone_pickaxe":2,"minecraft:chest":2,"minecraft:iron_leggings":2,"minecraft:gold_ingot":8,"minecraft:torch":32,"minecraft:golden_boots":2},"minecraft:mined":{"minecraft:nether_gold_ore":6,"minecraft:tuff":3,"minecraft:deepslate_diamond_ore":7,"minecraft:short_grass":3,"minecraft:crafting_table":4,"minecraft:torch":1,"minecraft:granite":1,"minecraft:grass_block":4,"minecraft:cobblestone":1,"minecraft:deepslate_gold_ore":3,"minecraft:lapis_ore":1,"minecraft:diorite":2,"minecraft:wall_torch":4,"minecraft:tall_seagrass":1,"minecraft:birch_planks":2,"minecraft:furnace":6,"minecraft:birch_log":33,"minecraft:iron_ore":51,"minecraft:fire":15,"minecraft:birch_leaves":6,"minecraft:andesite":1,"minecraft:bee_nest":1,"minecraft:coal_ore":42,"minecraft:deepslate_iron_ore":1,"minecraft:gravel":5,"minecraft:dirt":8,"minecraft:stone":61,"minecraft:netherrack":35,"minecraft:gold_ore":4,"minecraft:deepslate":9},"minecraft:picked_up":{"minecraft:wooden_axe":1,"minecraft:birch_log":32,"minecraft:iron_chestplate":1,"minecraft:crafting_table":4,"minecraft:feather":2,"minecraft:cooked_beef":6,"minecraft:chicken":2,"minecraft:salmon":14,"minecraft:andesite":1,"minecraft:leather":7,"minecraft:birch_planks":39,"minecraft:tuff":2,"minecraft:golden_boots":1,"minecraft:shield":1,"minecraft:lapis_lazuli":6,"minecraft:string":9,"minecraft:dirt":17,"minecraft:cooked_salmon":1,"minecraft:iron_leggings":1,"minecraft:cooked_mutton":5,"minecraft:bone":4,"minecraft:wheat_seeds":2,"minecraft:gold_nugget":28,"minecraft:cobbled_deepslate":7,"minecraft:raw_gold":7,"minecraft:iron_ingot":9,"minecraft:beef":8,"minecraft:stone_pickaxe":1,"minecraft:poppy":2,"minecraft:iron_pickaxe":1,"minecraft:light_gray_wool":1,"minecraft:birch_sapling":1,"minecraft:iron_sword":1,"minecraft:iron_boots":1,"minecraft:furnace":6,"minecraft:raw_iron":53,"minecraft:stick":9,"minecraft:cooked_porkchop":3,"minecraft:torch":19,"minecraft:gravel":16,"minecraft:diorite":1,"minecraft:spider_eye":5,"minecraft:arrow":5,"minecraft:rotten_flesh":17,"minecraft:diamond":7,"minecraft:iron_helmet":1,"minecraft:granite":1,"minecraft:netherrack":34,"minecraft:mutton":8,"minecraft:coal":71,"minecraft:white_wool":7,"minecraft:cobblestone":73,"minecraft:ender_pearl":1},"minecraft:dropped":{"minecraft:golden_boots":1,"minecraft:iron_sword":1,"minecraft:stone_axe":1,"minecraft:tuff":2,"minecraft:birch_sapling":1,"minecraft:iron_helmet":1,"minecraft:rotten_flesh":2,"minecraft:light_gray_wool":1,"minecraft:iron_boots":1,"minecraft:granite":1,"minecraft:cooked_mutton":2,"minecraft:poppy":1,"minecraft:shield":1,"minecraft:diorite":1,"minecraft:iron_chestplate":1,"minecraft:andesite":1,"minecraft:cooked_salmon":3,"minecraft:iron_leggings":1,"minecraft:gold_nugget":1,"minecraft:stone_pickaxe":2,"minecraft:wooden_pickaxe":1,"minecraft:iron_pickaxe":1,"minecraft:netherrack":3},"minecraft:killed":{"minecraft:piglin":1,"minecraft:salmon":14,"minecraft:spider":7,"minecraft:creeper":1,"minecraft:sheep":4,"minecraft:skeleton":6,"minecraft:zombie":10,"minecraft:chicken":2,"minecraft:cow":2},"minecraft:used":{"minecraft:water_bucket":1,"minecraft:flint_and_steel":2,"minecraft:birch_planks":12,"minecraft:stone_pickaxe":81,"minecraft:chest":2,"minecraft:wooden_pickaxe":23,"minecraft:shield":21,"minecraft:cooked_salmon":7,"minecraft:rotten_flesh":2,"minecraft:netherrack":23,"minecraft:torch":46,"minecraft:dirt":15,"minecraft:crafting_table":7,"minecraft:lava_bucket":11,"minecraft:iron_axe":86,"minecraft:iron_pickaxe":148,"minecraft:gravel":16,"minecraft:stone_axe":61,"minecraft:cobblestone":20,"minecraft:furnace":8,"minecraft:cooked_porkchop":2,"minecraft:bucket":13,"minecraft:cooked_mutton":4,"minecraft:cooked_beef":9,"minecraft:cobbled_deepslate":7,"minecraft:golden_boots":1}},"DataVersion":3953}