{"stats":{"minecraft:killed":{"minecraft:salmon":1},"minecraft:custom":{"minecraft:interact_with_furnace":42,"minecraft:mob_kills":1,"minecraft:interact_with_crafting_table":21,"minecraft:leave_game":1,"minecraft:time_since_death":24616,"minecraft:climb_one_cm":282,"minecraft:time_since_rest":24616,"minecraft:sprint_one_cm":55943,"minecraft:damage_taken":238,"minecraft:walk_one_cm":46146,"minecraft:drop":3,"minecraft:damage_dealt":243,"minecraft:swim_one_cm":6771,"minecraft:fly_one_cm":68520,"minecraft:player_kills":1,"minecraft:crouch_one_cm":6474,"minecraft:play_time":24616,"minecraft:sneak_time":2292,"minecraft:walk_under_water_one_cm":1101,"minecraft:jump":604,"minecraft:walk_on_water_one_cm":2209,"minecraft:total_world_time":24616,"minecraft:fall_one_cm":16752},"minecraft:picked_up":{"minecraft:crafting_table":2,"minecraft:salmon":1,"minecraft:oak_log":4,"minecraft:lapis_lazuli":85,"minecraft:moss_carpet":1,"minecraft:wheat_seeds":1,"minecraft:sugar_cane":10,"minecraft:moss_block":3,"minecraft:furnace":2,"minecraft:stick":1,"minecraft:raw_iron":57,"minecraft:sweet_berries":13,"minecraft:big_dripleaf":1,"minecraft:spruce_sapling":2,"minecraft:diorite":2,"minecraft:spruce_log":137,"minecraft:diamond":8,"minecraft:glow_berries":14,"minecraft:coal":66,"minecraft:cobblestone":99},"minecraft:crafted":{"minecraft:oak_planks":16,"minecraft:crafting_table":3,"minecraft:spruce_planks":80,"minecraft:wooden_pickaxe":1,"minecraft:iron_helmet":1,"minecraft:iron_sword":1,"minecraft:furnace":2,"minecraft:stone_axe":1,"minecraft:air":0,"minecraft:iron_boots":1,"minecraft:iron_chestplate":1,"minecraft:diamond_pickaxe":1,"minecraft:iron_axe":1,"minecraft:stick":28,"minecraft:iron_ingot":53,"minecraft:iron_pickaxe":1,"minecraft:stone_pickaxe":2,"minecraft:iron_leggings":1},"minecraft:mined":{"minecraft:diamond_ore":3,"minecraft:deepslate_diamond_ore":5,"minecraft:crafting_table":3,"minecraft:short_grass":1,"minecraft:tall_grass":1,"minecraft:cobblestone":1,"minecraft:spruce_leaves":11,"minecraft:lapis_ore":4,"minecraft:sugar_cane":7,"minecraft:moss_block":3,"minecraft:diorite":2,"minecraft:big_dripleaf":1,"minecraft:furnace":2,"minecraft:iron_ore":36,"minecraft:spruce_log":141,"minecraft:deepslate_lapis_ore":8,"minecraft:coal_ore":42,"minecraft:oak_log":4,"minecraft:cave_vines":1,"minecraft:deepslate_iron_ore":19,"minecraft:stone":99,"minecraft:oak_leaves":5,"minecraft:fern":1},"minecraft:dropped":{"minecraft:stone_pickaxe":2,"minecraft:wooden_pickaxe":1},"minecraft:used":{"minecraft:moss_block":3,"minecraft:diorite":2,"minecraft:stone_pickaxe":65,"minecraft:spruce_planks":15,"minecraft:wooden_pickaxe":5,"minecraft:glow_berries":14,"minecraft:crafting_table":5,"minecraft:spruce_log":1,"minecraft:diamond_pickaxe":53,"minecraft:iron_axe":95,"minecraft:iron_pickaxe":106,"minecraft:stone_axe":66,"minecraft:cobblestone":41,"minecraft:sweet_berries":13,"minecraft:furnace":2}},"DataVersion":3953}