{"stats":{"minecraft:custom":{"minecraft:jump":39,"minecraft:time_since_rest":387,"minecraft:damage_dealt":293,"minecraft:leave_game":1,"minecraft:deaths":1,"minecraft:sprint_one_cm":2417,"minecraft:play_time":1503,"minecraft:damage_taken":250,"minecraft:time_since_death":0,"minecraft:walk_one_cm":2861,"minecraft:total_world_time":1503,"minecraft:mob_kills":2,"minecraft:fall_one_cm":1314,"minecraft:fly_one_cm":5835},"minecraft:mined":{"minecraft:tall_grass":2,"minecraft:grass":3},"minecraft:killed":{"minecraft:pig":1,"minecraft:zombie":1},"minecraft:killed_by":{"minecraft:spider":1},"minecraft:picked_up":{"minecraft:porkchop":2}},"DataVersion":3465}