{"stats":{"minecraft:crafted":{"minecraft:birch_planks":12,"minecraft:crafting_table":1,"minecraft:stick":4,"minecraft:wooden_pickaxe":1},"minecraft:custom":{"minecraft:time_since_rest":4853,"minecraft:crouch_one_cm":850,"minecraft:play_time":4853,"minecraft:sprint_one_cm":18715,"minecraft:damage_taken":182,"minecraft:walk_one_cm":10575,"minecraft:sneak_time":219,"minecraft:mob_kills":1,"minecraft:jump":126,"minecraft:damage_dealt":251,"minecraft:leave_game":1,"minecraft:time_since_death":4853,"minecraft:total_world_time":4853,"minecraft:interact_with_crafting_table":1,"minecraft:player_kills":1,"minecraft:fall_one_cm":2276,"minecraft:fly_one_cm":18559},"minecraft:mined":{"minecraft:grass_block":2,"minecraft:dirt":1,"minecraft:birch_log":4,"minecraft:stone":7,"minecraft:birch_leaves":4},"minecraft:picked_up":{"minecraft:birch_log":3,"minecraft:stick":1,"minecraft:rotten_flesh":2,"minecraft:dirt":3,"minecraft:mutton":1,"minecraft:white_wool":1,"minecraft:cobblestone":7},"minecraft:killed":{"minecraft:zombie":1},"minecraft:used":{"minecraft:crafting_table":1,"minecraft:wooden_pickaxe":11}},"DataVersion":3953}