{"stats":{"minecraft:killed_by":{"minecraft:skeleton":1},"minecraft:killed":{"minecraft:witch":1,"minecraft:skeleton":2,"minecraft:drowned":1,"minecraft:pig":3,"minecraft:salmon":5,"minecraft:sheep":1,"minecraft:zombie":5,"minecraft:cow":1},"minecraft:custom":{"minecraft:mob_kills":19,"minecraft:interact_with_crafting_table":32,"minecraft:leave_game":1,"minecraft:time_since_death":39125,"minecraft:climb_one_cm":282,"minecraft:sprint_one_cm":204477,"minecraft:walk_one_cm":113414,"minecraft:drop":37,"minecraft:talked_to_villager":36,"minecraft:sneak_time":2495,"minecraft:play_time":66616,"minecraft:deaths":1,"minecraft:walk_under_water_one_cm":3328,"minecraft:jump":1909,"minecraft:walk_on_water_one_cm":7390,"minecraft:total_world_time":66616,"minecraft:interact_with_furnace":55,"minecraft:traded_with_villager":80,"minecraft:sleep_in_bed":3,"minecraft:time_since_rest":4092,"minecraft:damage_taken":833,"minecraft:damage_dealt":2510,"minecraft:player_kills":1,"minecraft:swim_one_cm":24723,"minecraft:fly_one_cm":402017,"minecraft:open_chest":19,"minecraft:crouch_one_cm":7184,"minecraft:fall_one_cm":44043,"minecraft:horse_one_cm":21183},"minecraft:picked_up":{"minecraft:crafting_table":4,"minecraft:iron_chestplate":1,"minecraft:moss_carpet":2,"minecraft:iron_axe":1,"minecraft:cooked_salmon":3,"minecraft:iron_leggings":1,"minecraft:iron_shovel":2,"minecraft:spruce_planks":52,"minecraft:beef":2,"minecraft:iron_pickaxe":1,"minecraft:sugar_cane":43,"minecraft:diamond_hoe":6,"minecraft:iron_boots":1,"minecraft:furnace":4,"minecraft:raw_iron":59,"minecraft:stick":21,"minecraft:composter":3,"minecraft:big_dripleaf":2,"minecraft:torch":1,"minecraft:porkchop":6,"minecraft:diorite":2,"minecraft:redstone":16,"minecraft:cauldron":4,"minecraft:arrow":3,"minecraft:rotten_flesh":3,"minecraft:hay_block":3,"minecraft:glow_berries":14,"minecraft:mutton":2,"minecraft:cobblestone":132,"minecraft:white_wool":1,"minecraft:salmon":4,"minecraft:leather":1,"minecraft:flint":9,"minecraft:oak_log":4,"minecraft:yellow_bed":2,"minecraft:lapis_lazuli":170,"minecraft:dirt":3,"minecraft:bone":4,"minecraft:wheat_seeds":12,"minecraft:iron_ingot":21,"minecraft:fletching_table":9,"minecraft:glowstone_dust":4,"minecraft:iron_sword":1,"minecraft:moss_block":3,"minecraft:stone_hoe":10,"minecraft:sweet_berries":29,"minecraft:gravel":89,"minecraft:stripped_spruce_log":1,"minecraft:spruce_sapling":19,"minecraft:white_bed":1,"minecraft:spruce_log":389,"minecraft:diamond":13,"minecraft:stone_axe":1,"minecraft:iron_helmet":1,"minecraft:coal":127,"minecraft:diamond_pickaxe":1},"minecraft:crafted":{"minecraft:oak_planks":16,"minecraft:diamond_hoe":6,"minecraft:furnace":2,"minecraft:cooked_mutton":2,"minecraft:iron_boots":1,"minecraft:iron_axe":1,"minecraft:stone_pickaxe":2,"minecraft:chest":4,"minecraft:stone_hoe":10,"minecraft:wheat":27,"minecraft:emerald":62,"minecraft:crafting_table":3,"minecraft:spruce_planks":1000,"minecraft:wooden_pickaxe":1,"minecraft:iron_helmet":1,"minecraft:iron_sword":1,"minecraft:smithing_table":1,"minecraft:cooked_salmon":2,"minecraft:fletching_table":4,"minecraft:stone_axe":1,"minecraft:bread":9,"minecraft:air":0,"minecraft:iron_chestplate":1,"minecraft:diamond_pickaxe":1,"minecraft:stick":1820,"minecraft:iron_ingot":53,"minecraft:iron_pickaxe":1,"minecraft:iron_shovel":3,"minecraft:iron_leggings":1},"minecraft:mined":{"minecraft:diamond_ore":3,"minecraft:white_bed":1,"minecraft:deepslate_diamond_ore":5,"minecraft:grass_block":2,"minecraft:spruce_leaves":11,"minecraft:moss_block":3,"minecraft:composter":3,"minecraft:large_fern":2,"minecraft:hay_block":3,"minecraft:furnace":4,"minecraft:iron_ore":36,"minecraft:stripped_spruce_log":1,"minecraft:deepslate_lapis_ore":8,"minecraft:fletching_table":9,"minecraft:deepslate_iron_ore":19,"minecraft:cave_vines":1,"minecraft:water_cauldron":4,"minecraft:stone":99,"minecraft:crafting_table":5,"minecraft:short_grass":21,"minecraft:tall_grass":10,"minecraft:cobblestone":1,"minecraft:lapis_ore":4,"minecraft:sugar_cane":17,"minecraft:diorite":2,"minecraft:wall_torch":1,"minecraft:big_dripleaf":1,"minecraft:sweet_berry_bush":1,"minecraft:spruce_log":253,"minecraft:yellow_bed":2,"minecraft:oak_log":4,"minecraft:coal_ore":42,"minecraft:gravel":98,"minecraft:dirt":1,"minecraft:oak_leaves":5,"minecraft:fern":2},"minecraft:dropped":{"minecraft:stone_hoe":20,"minecraft:iron_shovel":3,"minecraft:gravel":15,"minecraft:moss_carpet":1,"minecraft:stone_axe":1,"minecraft:diamond_hoe":7,"minecraft:big_dripleaf":1,"minecraft:wooden_pickaxe":1,"minecraft:stone_pickaxe":2},"minecraft:used":{"minecraft:moss_block":3,"minecraft:iron_shovel":100,"minecraft:diamond_hoe":8,"minecraft:spruce_planks":18,"minecraft:chest":4,"minecraft:iron_sword":61,"minecraft:cooked_salmon":2,"minecraft:rotten_flesh":2,"minecraft:iron_axe":225,"minecraft:sweet_berries":29,"minecraft:furnace":5,"minecraft:iron_leggings":1,"minecraft:cooked_mutton":2,"minecraft:diorite":2,"minecraft:stone_pickaxe":65,"minecraft:wooden_pickaxe":5,"minecraft:cauldron":4,"minecraft:fletching_table":13,"minecraft:glow_berries":14,"minecraft:crafting_table":7,"minecraft:white_bed":1,"minecraft:spruce_log":1,"minecraft:diamond_pickaxe":54,"minecraft:bread":5,"minecraft:iron_pickaxe":113,"minecraft:gravel":74,"minecraft:stone_axe":66,"minecraft:cobblestone":41,"minecraft:smithing_table":1,"minecraft:yellow_bed":2}},"DataVersion":3953}